Entity,Code,Year,Estimated malaria mortality rate (per 100 000 population)
Afghanistan,AFG,2000,6.40603
Afghanistan,AFG,2001,6.35864
Afghanistan,AFG,2002,6.99935
Afghanistan,AFG,2003,4.57173
Afghanistan,AFG,2004,1.92781
Afghanistan,AFG,2005,1.37646
Afghanistan,AFG,2006,1.13198
Afghanistan,AFG,2007,1.18198
Afghanistan,AFG,2008,0.972
Afghanistan,AFG,2009,0.65849
Afghanistan,AFG,2010,0.75936
Afghanistan,AFG,2011,0.85161
Afghanistan,AFG,2012,0.39176
Afghanistan,AFG,2013,0.5306
Afghanistan,AFG,2014,0.60274
Afghanistan,AFG,2015,0.66878
Afghanistan,AFG,2016,1.31471
Afghanistan,AFG,2017,1.37583
Afghanistan,AFG,2018,1.03259
Afghanistan,AFG,2019,0.58393
Afghanistan,AFG,2020,0.36618
Afghanistan,AFG,2021,0.29441
Africa (WHO),,2000,148.42949
Africa (WHO),,2001,143.24574
Africa (WHO),,2002,132.84598
Africa (WHO),,2003,125.72918
Africa (WHO),,2004,119.00104
Africa (WHO),,2005,111.86347
Africa (WHO),,2006,107.62667
Africa (WHO),,2007,102.13065
Africa (WHO),,2008,96.42361
Africa (WHO),,2009,91.81581
Africa (WHO),,2010,86.78256
Africa (WHO),,2011,79.62973
Africa (WHO),,2012,73.21267
Africa (WHO),,2013,69.5209
Africa (WHO),,2014,65.13947
Africa (WHO),,2015,62.47556
Africa (WHO),,2016,60.852
Africa (WHO),,2017,60.62715
Africa (WHO),,2018,57.51996
Africa (WHO),,2019,56.30462
Africa (WHO),,2020,60.37854
Africa (WHO),,2021,58.2268
Algeria,DZA,2000,0.11064
Algeria,DZA,2001,0.05456
Algeria,DZA,2002,0
Algeria,DZA,2003,0
Algeria,DZA,2004,0
Algeria,DZA,2005,0
Algeria,DZA,2006,0
Algeria,DZA,2007,0
Algeria,DZA,2008,0
Algeria,DZA,2009,0
Algeria,DZA,2010,0.04748
Algeria,DZA,2011,0
Algeria,DZA,2012,0
Algeria,DZA,2013,0
Algeria,DZA,2014,0
Algeria,DZA,2015,0
Algeria,DZA,2016,0
Algeria,DZA,2017,0
Algeria,DZA,2018,0
Algeria,DZA,2019,0
Algeria,DZA,2020,0
Algeria,DZA,2021,0
Americas (WHO),,2000,0.83797
Americas (WHO),,2001,0.74638
Americas (WHO),,2002,0.67556
Americas (WHO),,2003,0.63062
Americas (WHO),,2004,0.61028
Americas (WHO),,2005,0.58132
Americas (WHO),,2006,0.48662
Americas (WHO),,2007,0.41431
Americas (WHO),,2008,0.38132
Americas (WHO),,2009,0.37166
Americas (WHO),,2010,0.39714
Americas (WHO),,2011,0.36258
Americas (WHO),,2012,0.33184
Americas (WHO),,2013,0.35829
Americas (WHO),,2014,0.26211
Americas (WHO),,2015,0.29027
Americas (WHO),,2016,0.38996
Americas (WHO),,2017,0.48424
Americas (WHO),,2018,0.4128
Americas (WHO),,2019,0.36504
Americas (WHO),,2020,0.29672
Americas (WHO),,2021,0.23524
Angola,AGO,2000,143.21039
Angola,AGO,2001,140.81325
Angola,AGO,2002,125.55278
Angola,AGO,2003,122.27754
Angola,AGO,2004,118.21349
Angola,AGO,2005,111.19246
Angola,AGO,2006,100.88115
Angola,AGO,2007,86.9071
Angola,AGO,2008,69.97665
Angola,AGO,2009,58.50449
Angola,AGO,2010,52.86724
Angola,AGO,2011,48.53022
Angola,AGO,2012,45.50924
Angola,AGO,2013,43.86736
Angola,AGO,2014,42.9772
Angola,AGO,2015,45.06231
Angola,AGO,2016,46.48643
Angola,AGO,2017,46.6092
Angola,AGO,2018,43.564
Angola,AGO,2019,42.9535
Angola,AGO,2020,44.43216
Angola,AGO,2021,51.69289
Argentina,ARG,2000,0
Argentina,ARG,2001,0
Argentina,ARG,2002,0
Argentina,ARG,2003,0.52249
Argentina,ARG,2004,0
Argentina,ARG,2005,0
Argentina,ARG,2006,0
Argentina,ARG,2007,0
Argentina,ARG,2008,0
Argentina,ARG,2009,0
Argentina,ARG,2010,0
Argentina,ARG,2011,0
Argentina,ARG,2012,0
Argentina,ARG,2013,0
Argentina,ARG,2014,0
Argentina,ARG,2015,0
Argentina,ARG,2016,0
Argentina,ARG,2017,0
Argentina,ARG,2018,0
Argentina,ARG,2019,0
Argentina,ARG,2020,0
Argentina,ARG,2021,0
Armenia,ARM,2000,0
Armenia,ARM,2001,0
Armenia,ARM,2002,0
Armenia,ARM,2003,0
Armenia,ARM,2004,0
Armenia,ARM,2005,0
Armenia,ARM,2006,0
Armenia,ARM,2007,0
Armenia,ARM,2008,0
Armenia,ARM,2009,0
Armenia,ARM,2010,0
Armenia,ARM,2011,0
Armenia,ARM,2012,0
Armenia,ARM,2013,0
Armenia,ARM,2014,0
Armenia,ARM,2015,0
Armenia,ARM,2016,0
Armenia,ARM,2017,0
Armenia,ARM,2018,0
Armenia,ARM,2019,0
Armenia,ARM,2021,0
Azerbaijan,AZE,2000,0
Azerbaijan,AZE,2001,0
Azerbaijan,AZE,2002,0
Azerbaijan,AZE,2003,0
Azerbaijan,AZE,2004,0
Azerbaijan,AZE,2005,0
Azerbaijan,AZE,2006,0
Azerbaijan,AZE,2007,0
Azerbaijan,AZE,2008,0
Azerbaijan,AZE,2009,0
Azerbaijan,AZE,2010,0
Azerbaijan,AZE,2011,0
Azerbaijan,AZE,2012,0
Azerbaijan,AZE,2013,0
Azerbaijan,AZE,2014,0
Azerbaijan,AZE,2015,0
Azerbaijan,AZE,2016,0
Azerbaijan,AZE,2017,0
Azerbaijan,AZE,2018,0
Azerbaijan,AZE,2019,0
Azerbaijan,AZE,2021,0
Bangladesh,BGD,2000,1.43246
Bangladesh,BGD,2001,1.43377
Bangladesh,BGD,2002,1.42817
Bangladesh,BGD,2003,1.43069
Bangladesh,BGD,2004,1.42723
Bangladesh,BGD,2005,1.42552
Bangladesh,BGD,2006,0.90631
Bangladesh,BGD,2007,1.69689
Bangladesh,BGD,2008,1.68829
Bangladesh,BGD,2009,1.18539
Bangladesh,BGD,2010,1.04033
Bangladesh,BGD,2011,0.95962
Bangladesh,BGD,2012,0.51974
Bangladesh,BGD,2013,0.4649
Bangladesh,BGD,2014,0.95406
Bangladesh,BGD,2015,0.61869
Bangladesh,BGD,2016,0.41905
Bangladesh,BGD,2017,0.4196
Bangladesh,BGD,2018,0.14772
Bangladesh,BGD,2019,0.26408
Bangladesh,BGD,2020,0.08332
Bangladesh,BGD,2021,0.08786
Belize,BLZ,2000,0
Belize,BLZ,2001,0
Belize,BLZ,2002,0
Belize,BLZ,2003,0
Belize,BLZ,2004,0.53257
Belize,BLZ,2005,0
Belize,BLZ,2006,0.50195
Belize,BLZ,2007,0
Belize,BLZ,2008,0
Belize,BLZ,2009,0
Belize,BLZ,2010,0
Belize,BLZ,2011,0
Belize,BLZ,2012,0
Belize,BLZ,2013,0
Belize,BLZ,2014,0
Belize,BLZ,2015,0
Belize,BLZ,2016,0
Belize,BLZ,2017,0
Belize,BLZ,2018,0
Belize,BLZ,2019,0
Belize,BLZ,2020,0
Belize,BLZ,2021,0
Benin,BEN,2000,106.02995
Benin,BEN,2001,106.239
Benin,BEN,2002,116.97058
Benin,BEN,2003,127.27164
Benin,BEN,2004,141.03394
Benin,BEN,2005,149.45851
Benin,BEN,2006,155.64172
Benin,BEN,2007,142.71902
Benin,BEN,2008,121.1479
Benin,BEN,2009,103.47218
Benin,BEN,2010,92.04178
Benin,BEN,2011,86.66122
Benin,BEN,2012,89.29429
Benin,BEN,2013,96.74325
Benin,BEN,2014,99.12534
Benin,BEN,2015,105.60897
Benin,BEN,2016,105.23011
Benin,BEN,2017,93.59495
Benin,BEN,2018,87.33169
Benin,BEN,2019,85.05795
Benin,BEN,2020,83.7214
Benin,BEN,2021,85.8205
Bhutan,BTN,2000,3.45198
Bhutan,BTN,2001,3.13625
Bhutan,BTN,2002,2.40125
Bhutan,BTN,2003,2.98111
Bhutan,BTN,2004,1.45532
Bhutan,BTN,2005,1.01862
Bhutan,BTN,2006,1.40502
Bhutan,BTN,2007,0.39652
Bhutan,BTN,2008,0.39185
Bhutan,BTN,2009,0.77477
Bhutan,BTN,2010,0.38308
Bhutan,BTN,2011,0.18944
Bhutan,BTN,2012,0.18739
Bhutan,BTN,2013,0
Bhutan,BTN,2014,0
Bhutan,BTN,2015,0
Bhutan,BTN,2016,0
Bhutan,BTN,2017,0
Bhutan,BTN,2018,0
Bhutan,BTN,2019,0
Bhutan,BTN,2020,0
Bhutan,BTN,2021,0
Bolivia,BOL,2000,0.61566
Bolivia,BOL,2001,0.22682
Bolivia,BOL,2002,0.22289
Bolivia,BOL,2003,0.29204
Bolivia,BOL,2004,0.21525
Bolivia,BOL,2005,0.28207
Bolivia,BOL,2006,0.32338
Bolivia,BOL,2007,0.24968
Bolivia,BOL,2008,0.13385
Bolivia,BOL,2009,0.13158
Bolivia,BOL,2010,0.21561
Bolivia,BOL,2011,0.08481
Bolivia,BOL,2012,0.08342
Bolivia,BOL,2013,0.1231
Bolivia,BOL,2014,0.08076
Bolivia,BOL,2015,0.05963
Bolivia,BOL,2016,0.03914
Bolivia,BOL,2017,0.03855
Bolivia,BOL,2018,0.03798
Bolivia,BOL,2019,0.07486
Bolivia,BOL,2020,0.1108
Bolivia,BOL,2021,0.09124
Botswana,BWA,2000,4.27964
Botswana,BWA,2001,1.62654
Botswana,BWA,2002,0.75622
Botswana,BWA,2003,0.33026
Botswana,BWA,2004,0.2434
Botswana,BWA,2005,0.23906
Botswana,BWA,2006,0.93846
Botswana,BWA,2007,0.23005
Botswana,BWA,2008,0.45085
Botswana,BWA,2009,0.44168
Botswana,BWA,2010,0.36056
Botswana,BWA,2011,0.07068
Botswana,BWA,2012,0
Botswana,BWA,2013,0.06803
Botswana,BWA,2014,0.33365
Botswana,BWA,2015,0.06543
Botswana,BWA,2016,0.12824
Botswana,BWA,2017,0.4396
Botswana,BWA,2018,0.12306
Botswana,BWA,2019,0
Botswana,BWA,2020,0.23694
Botswana,BWA,2021,0.11655
Brazil,BRA,2000,0.68623
Brazil,BRA,2001,0.39251
Brazil,BRA,2002,0.2593
Brazil,BRA,2003,0.28052
Brazil,BRA,2004,0.27201
Brazil,BRA,2005,0.32437
Brazil,BRA,2006,0.28698
Brazil,BRA,2007,0.24013
Brazil,BRA,2008,0.17386
Brazil,BRA,2009,0.21526
Brazil,BRA,2010,0.19067
Brazil,BRA,2011,0.17399
Brazil,BRA,2012,0.1478
Brazil,BRA,2013,0.09768
Brazil,BRA,2014,0.08716
Brazil,BRA,2015,0.08403
Brazil,BRA,2016,0.08335
Brazil,BRA,2017,0.08033
Brazil,BRA,2018,0.13126
Brazil,BRA,2019,0.08606
Brazil,BRA,2020,0.11784
Brazil,BRA,2021,0.13331
Burkina Faso,BFA,2000,318.4832
Burkina Faso,BFA,2001,331.92477
Burkina Faso,BFA,2002,307.98108
Burkina Faso,BFA,2003,288.87408
Burkina Faso,BFA,2004,262.00403
Burkina Faso,BFA,2005,234.25124
Burkina Faso,BFA,2006,220.11363
Burkina Faso,BFA,2007,220.5383
Burkina Faso,BFA,2008,233.8084
Burkina Faso,BFA,2009,200.93262
Burkina Faso,BFA,2010,224.24985
Burkina Faso,BFA,2011,210.27966
Burkina Faso,BFA,2012,165.63307
Burkina Faso,BFA,2013,154.08466
Burkina Faso,BFA,2014,129.99013
Burkina Faso,BFA,2015,117.21325
Burkina Faso,BFA,2016,107.00113
Burkina Faso,BFA,2017,101.97693
Burkina Faso,BFA,2018,90.63036
Burkina Faso,BFA,2019,91.77325
Burkina Faso,BFA,2020,99.43954
Burkina Faso,BFA,2021,85.8616
Burundi,BDI,2000,179.78143
Burundi,BDI,2001,161.91524
Burundi,BDI,2002,138.1574
Burundi,BDI,2003,120.50992
Burundi,BDI,2004,99.20657
Burundi,BDI,2005,82.78663
Burundi,BDI,2006,74.41706
Burundi,BDI,2007,69.38038
Burundi,BDI,2008,66.79062
Burundi,BDI,2009,63.49486
Burundi,BDI,2010,59.93466
Burundi,BDI,2011,54.85561
Burundi,BDI,2012,51.53398
Burundi,BDI,2013,48.26802
Burundi,BDI,2014,47.54684
Burundi,BDI,2015,48.4565
Burundi,BDI,2016,53.66252
Burundi,BDI,2017,54.90519
Burundi,BDI,2018,46.10443
Burundi,BDI,2019,44.75851
Burundi,BDI,2020,47.39683
Burundi,BDI,2021,47.46155
Cambodia,KHM,2000,18.45905
Cambodia,KHM,2001,10.3605
Cambodia,KHM,2002,9.03916
Cambodia,KHM,2003,11.74345
Cambodia,KHM,2004,9.71206
Cambodia,KHM,2005,7.52574
Cambodia,KHM,2006,9.41105
Cambodia,KHM,2007,4.06229
Cambodia,KHM,2008,5.04007
Cambodia,KHM,2009,8.5208
Cambodia,KHM,2010,6.33999
Cambodia,KHM,2011,6.21937
Cambodia,KHM,2012,3.66263
Cambodia,KHM,2013,2.17768
Cambodia,KHM,2014,3.70923
Cambodia,KHM,2015,3.43021
Cambodia,KHM,2016,1.84623
Cambodia,KHM,2017,3.00126
Cambodia,KHM,2018,2.33833
Cambodia,KHM,2019,0.8899
Cambodia,KHM,2020,0.23285
Cambodia,KHM,2021,0.08524
Cameroon,CMR,2000,106.21144
Cameroon,CMR,2001,103.02549
Cameroon,CMR,2002,108.63997
Cameroon,CMR,2003,109.80581
Cameroon,CMR,2004,113.18662
Cameroon,CMR,2005,114.05965
Cameroon,CMR,2006,109.70444
Cameroon,CMR,2007,97.51332
Cameroon,CMR,2008,83.26641
Cameroon,CMR,2009,73.49137
Cameroon,CMR,2010,65.95219
Cameroon,CMR,2011,58.91768
Cameroon,CMR,2012,57.32031
Cameroon,CMR,2013,56.38185
Cameroon,CMR,2014,55.77683
Cameroon,CMR,2015,56.19519
Cameroon,CMR,2016,57.76912
Cameroon,CMR,2017,56.31082
Cameroon,CMR,2018,51.4341
Cameroon,CMR,2019,49.61536
Cameroon,CMR,2020,54.75426
Cameroon,CMR,2021,50.88124
Cape Verde,CPV,2001,0
Cape Verde,CPV,2002,1.62549
Cape Verde,CPV,2003,3.20454
Cape Verde,CPV,2004,3.16178
Cape Verde,CPV,2005,1.56085
Cape Verde,CPV,2006,6.16765
Cape Verde,CPV,2007,1.52404
Cape Verde,CPV,2008,1.50731
Cape Verde,CPV,2009,1.49181
Cape Verde,CPV,2010,0.73793
Cape Verde,CPV,2011,0.7291
Cape Verde,CPV,2012,0
Cape Verde,CPV,2013,0
Cape Verde,CPV,2014,0.70433
Cape Verde,CPV,2015,0
Cape Verde,CPV,2016,0.68879
Cape Verde,CPV,2017,1.36158
Cape Verde,CPV,2018,0
Cape Verde,CPV,2019,0
Cape Verde,CPV,2020,0
Cape Verde,CPV,2021,0
Central African Republic,CAF,2000,200.17717
Central African Republic,CAF,2001,200.506
Central African Republic,CAF,2002,200.01791
Central African Republic,CAF,2003,208.37674
Central African Republic,CAF,2004,213.28568
Central African Republic,CAF,2005,222.5557
Central African Republic,CAF,2006,233.25987
Central African Republic,CAF,2007,226.02776
Central African Republic,CAF,2008,205.51872
Central African Republic,CAF,2009,191.6732
Central African Republic,CAF,2010,174.35371
Central African Republic,CAF,2011,153.82431
Central African Republic,CAF,2012,153.83469
Central African Republic,CAF,2013,141.86574
Central African Republic,CAF,2014,139.28674
Central African Republic,CAF,2015,128.10901
Central African Republic,CAF,2016,117.51207
Central African Republic,CAF,2017,110.73218
Central African Republic,CAF,2018,105.93195
Central African Republic,CAF,2019,97.82459
Central African Republic,CAF,2020,96.01312
Central African Republic,CAF,2021,94.38986
Chad,TCD,2000,103.14984
Chad,TCD,2001,107.38512
Chad,TCD,2002,98.55189
Chad,TCD,2003,97.58495
Chad,TCD,2004,94.27617
Chad,TCD,2005,95.27604
Chad,TCD,2006,97.48237
Chad,TCD,2007,98.49776
Chad,TCD,2008,99.06047
Chad,TCD,2009,100.44638
Chad,TCD,2010,100.26793
Chad,TCD,2011,94.55095
Chad,TCD,2012,89.50286
Chad,TCD,2013,85.15885
Chad,TCD,2014,81.98039
Chad,TCD,2015,79.66144
Chad,TCD,2016,79.08378
Chad,TCD,2017,78.1264
Chad,TCD,2018,74.52695
Chad,TCD,2019,72.85767
Chad,TCD,2020,74.04734
Chad,TCD,2021,69.11642
China,CHN,2000,0.00738
China,CHN,2001,0.00564
China,CHN,2002,0.00784
China,CHN,2003,0.00965
China,CHN,2004,0.00572
China,CHN,2005,0.0088
China,CHN,2006,0.00692
China,CHN,2007,0.00326
China,CHN,2008,0.00413
China,CHN,2009,0.00214
China,CHN,2010,0.00337
China,CHN,2011,0.00581
China,CHN,2012,0
China,CHN,2013,0
China,CHN,2014,0
China,CHN,2015,0
China,CHN,2016,0
China,CHN,2017,0
China,CHN,2018,0
China,CHN,2019,0
China,CHN,2020,0
China,CHN,2021,0
Colombia,COL,2000,1.42827
Colombia,COL,2001,1.90483
Colombia,COL,2002,1.80882
Colombia,COL,2003,1.29816
Colombia,COL,2004,1.36652
Colombia,COL,2005,0.93075
Colombia,COL,2006,0.81314
Colombia,COL,2007,0.70925
Colombia,COL,2008,0.55669
Colombia,COL,2009,0.2854
Colombia,COL,2010,0.42331
Colombia,COL,2011,0.22929
Colombia,COL,2012,0.23679
Colombia,COL,2013,0.09769
Colombia,COL,2014,0.16451
Colombia,COL,2015,0.17255
Colombia,COL,2016,0.34143
Colombia,COL,2017,0.17749
Colombia,COL,2018,0.0825
Colombia,COL,2019,0.027
Colombia,COL,2020,0.04434
Colombia,COL,2021,0.09645
Comoros,COM,2000,16.58103
Comoros,COM,2001,16.24856
Comoros,COM,2002,15.91995
Comoros,COM,2003,15.61047
Comoros,COM,2004,15.31436
Comoros,COM,2005,15.01646
Comoros,COM,2006,14.71906
Comoros,COM,2007,14.427
Comoros,COM,2008,14.13888
Comoros,COM,2009,13.85229
Comoros,COM,2010,14.02388
Comoros,COM,2011,9.25275
Comoros,COM,2012,18.26009
Comoros,COM,2013,19.30245
Comoros,COM,2014,0.69968
Comoros,COM,2015,0.41084
Comoros,COM,2016,0.26801
Comoros,COM,2017,1.05033
Comoros,COM,2018,4.89493
Comoros,COM,2019,5.6891
Comoros,COM,2020,1.36448
Comoros,COM,2021,3.16446
Congo,COG,2000,91.86255
Congo,COG,2001,85.73797
Congo,COG,2002,75.82949
Congo,COG,2003,73.3797
Congo,COG,2004,68.19057
Congo,COG,2005,64.96337
Congo,COG,2006,58.34806
Congo,COG,2007,52.19485
Congo,COG,2008,47.14395
Congo,COG,2009,44.58298
Congo,COG,2010,43.51173
Congo,COG,2011,42.97354
Congo,COG,2012,42.45472
Congo,COG,2013,43.88921
Congo,COG,2014,43.41881
Congo,COG,2015,39.96536
Congo,COG,2016,41.60542
Congo,COG,2017,41.69537
Congo,COG,2018,40.92951
Congo,COG,2019,42.36426
Congo,COG,2020,39.96721
Congo,COG,2021,39.29192
Costa Rica,CRI,2000,0
Costa Rica,CRI,2001,0
Costa Rica,CRI,2002,0
Costa Rica,CRI,2003,0
Costa Rica,CRI,2004,0
Costa Rica,CRI,2005,0
Costa Rica,CRI,2006,0
Costa Rica,CRI,2007,0
Costa Rica,CRI,2008,0
Costa Rica,CRI,2009,0.06261
Costa Rica,CRI,2010,0
Costa Rica,CRI,2011,0
Costa Rica,CRI,2012,0
Costa Rica,CRI,2013,0
Costa Rica,CRI,2014,0
Costa Rica,CRI,2015,0
Costa Rica,CRI,2016,0
Costa Rica,CRI,2017,0
Costa Rica,CRI,2018,0
Costa Rica,CRI,2019,0
Costa Rica,CRI,2020,0
Costa Rica,CRI,2021,0
Cote d'Ivoire,CIV,2000,190.94423
Cote d'Ivoire,CIV,2001,196.5038
Cote d'Ivoire,CIV,2002,194.36893
Cote d'Ivoire,CIV,2003,189.24236
Cote d'Ivoire,CIV,2004,176.38808
Cote d'Ivoire,CIV,2005,166.65598
Cote d'Ivoire,CIV,2006,161.0648
Cote d'Ivoire,CIV,2007,160.49289
Cote d'Ivoire,CIV,2008,152.55048
Cote d'Ivoire,CIV,2009,147.90285
Cote d'Ivoire,CIV,2010,129.26584
Cote d'Ivoire,CIV,2011,105.60725
Cote d'Ivoire,CIV,2012,75.51323
Cote d'Ivoire,CIV,2013,59.25872
Cote d'Ivoire,CIV,2014,53.19724
Cote d'Ivoire,CIV,2015,59.36837
Cote d'Ivoire,CIV,2016,69.68805
Cote d'Ivoire,CIV,2017,72.75832
Cote d'Ivoire,CIV,2018,58.97469
Cote d'Ivoire,CIV,2019,57.05314
Cote d'Ivoire,CIV,2020,56.3558
Cote d'Ivoire,CIV,2021,54.24654
Democratic Republic of Congo,COD,2000,206.71043
Democratic Republic of Congo,COD,2001,199.97343
Democratic Republic of Congo,COD,2002,196.6917
Democratic Republic of Congo,COD,2003,198.24402
Democratic Republic of Congo,COD,2004,204.39069
Democratic Republic of Congo,COD,2005,199.33775
Democratic Republic of Congo,COD,2006,197.80708
Democratic Republic of Congo,COD,2007,185.00757
Democratic Republic of Congo,COD,2008,171.36623
Democratic Republic of Congo,COD,2009,157.78845
Democratic Republic of Congo,COD,2010,138.29532
Democratic Republic of Congo,COD,2011,116.33945
Democratic Republic of Congo,COD,2012,95.09299
Democratic Republic of Congo,COD,2013,80.69967
Democratic Republic of Congo,COD,2014,74.73343
Democratic Republic of Congo,COD,2015,73.94901
Democratic Republic of Congo,COD,2016,78.55979
Democratic Republic of Congo,COD,2017,80.45487
Democratic Republic of Congo,COD,2018,75.29911
Democratic Republic of Congo,COD,2019,72.68965
Democratic Republic of Congo,COD,2020,84.76717
Democratic Republic of Congo,COD,2021,82.22298
Djibouti,DJI,2000,0.71882
Djibouti,DJI,2001,0.6968
Djibouti,DJI,2002,0.67592
Djibouti,DJI,2003,0.66144
Djibouti,DJI,2004,0.65177
Djibouti,DJI,2005,0.64197
Djibouti,DJI,2006,0.78723
Djibouti,DJI,2007,0.77062
Djibouti,DJI,2008,0.75518
Djibouti,DJI,2009,0.8879
Djibouti,DJI,2010,0.29014
Djibouti,DJI,2011,0.71171
Djibouti,DJI,2012,0.69867
Djibouti,DJI,2013,0.5489
Djibouti,DJI,2014,3.23566
Djibouti,DJI,2015,3.18044
Djibouti,DJI,2016,3.90949
Djibouti,DJI,2017,3.20475
Djibouti,DJI,2018,5.42373
Djibouti,DJI,2019,12.04357
Djibouti,DJI,2020,15.4123
Djibouti,DJI,2021,14.11206
Dominican Republic,DOM,2000,0.12754
Dominican Republic,DOM,2001,0.35601
Dominican Republic,DOM,2002,0.22706
Dominican Republic,DOM,2003,0.24424
Dominican Republic,DOM,2004,0.32121
Dominican Republic,DOM,2005,0.31695
Dominican Republic,DOM,2006,0.19555
Dominican Republic,DOM,2007,0.32825
Dominican Republic,DOM,2008,0.20971
Dominican Republic,DOM,2009,0.26344
Dominican Republic,DOM,2010,0.27857
Dominican Republic,DOM,2011,0.18331
Dominican Republic,DOM,2012,0.14479
Dominican Republic,DOM,2013,0.08937
Dominican Republic,DOM,2014,0.07063
Dominican Republic,DOM,2015,0.05234
Dominican Republic,DOM,2016,0.01724
Dominican Republic,DOM,2017,0.01705
Dominican Republic,DOM,2018,0.01686
Dominican Republic,DOM,2019,0.06673
Dominican Republic,DOM,2020,0.03301
Dominican Republic,DOM,2021,0.01633
East Timor,TLS,2000,29.5362
East Timor,TLS,2001,29.5282
East Timor,TLS,2002,23.2606
East Timor,TLS,2003,14.34162
East Timor,TLS,2004,50.46583
East Timor,TLS,2005,33.3462
East Timor,TLS,2006,34.85155
East Timor,TLS,2007,23.57312
East Timor,TLS,2008,27.62425
East Timor,TLS,2009,19.75752
East Timor,TLS,2010,18.95029
East Timor,TLS,2011,6.20961
East Timor,TLS,2012,0.84113
East Timor,TLS,2013,0.09154
East Timor,TLS,2014,0
East Timor,TLS,2015,0
East Timor,TLS,2016,0
East Timor,TLS,2017,0
East Timor,TLS,2018,0
East Timor,TLS,2019,0
East Timor,TLS,2020,0
East Timor,TLS,2021,0
Eastern Mediterranean (WHO),,2000,3.98083
Eastern Mediterranean (WHO),,2001,4.00957
Eastern Mediterranean (WHO),,2002,3.63863
Eastern Mediterranean (WHO),,2003,3.31715
Eastern Mediterranean (WHO),,2004,2.7804
Eastern Mediterranean (WHO),,2005,2.90302
Eastern Mediterranean (WHO),,2006,2.86121
Eastern Mediterranean (WHO),,2007,2.36473
Eastern Mediterranean (WHO),,2008,1.70598
Eastern Mediterranean (WHO),,2009,1.61115
Eastern Mediterranean (WHO),,2010,1.98065
Eastern Mediterranean (WHO),,2011,1.76063
Eastern Mediterranean (WHO),,2012,1.74984
Eastern Mediterranean (WHO),,2013,1.62589
Eastern Mediterranean (WHO),,2014,1.60145
Eastern Mediterranean (WHO),,2015,1.71886
Eastern Mediterranean (WHO),,2016,1.95251
Eastern Mediterranean (WHO),,2017,2.07117
Eastern Mediterranean (WHO),,2018,2.20949
Eastern Mediterranean (WHO),,2019,2.31582
Eastern Mediterranean (WHO),,2020,2.42848
Eastern Mediterranean (WHO),,2021,2.51084
Ecuador,ECU,2000,17.9379
Ecuador,ECU,2001,22.44081
Ecuador,ECU,2002,16.80332
Ecuador,ECU,2003,11.86803
Ecuador,ECU,2004,9.38139
Ecuador,ECU,2005,5.48276
Ecuador,ECU,2006,2.20467
Ecuador,ECU,2007,1.92633
Ecuador,ECU,2008,1.18361
Ecuador,ECU,2009,1.39664
Ecuador,ECU,2010,0
Ecuador,ECU,2011,0
Ecuador,ECU,2012,0
Ecuador,ECU,2013,0
Ecuador,ECU,2014,0
Ecuador,ECU,2015,0
Ecuador,ECU,2016,0
Ecuador,ECU,2017,0
Ecuador,ECU,2018,0
Ecuador,ECU,2019,0
Ecuador,ECU,2020,0.58533
Ecuador,ECU,2021,0
El Salvador,SLV,2000,0
El Salvador,SLV,2001,0
El Salvador,SLV,2002,0
El Salvador,SLV,2003,0
El Salvador,SLV,2004,0
El Salvador,SLV,2005,0
El Salvador,SLV,2006,0
El Salvador,SLV,2007,0
El Salvador,SLV,2008,0
El Salvador,SLV,2009,0
El Salvador,SLV,2010,0
El Salvador,SLV,2011,0
El Salvador,SLV,2012,0
El Salvador,SLV,2013,0
El Salvador,SLV,2014,0
El Salvador,SLV,2015,0
El Salvador,SLV,2016,0
El Salvador,SLV,2017,0
El Salvador,SLV,2018,0
El Salvador,SLV,2019,0
El Salvador,SLV,2020,0
El Salvador,SLV,2021,0
Equatorial Guinea,GNQ,2000,104.38307
Equatorial Guinea,GNQ,2001,98.98925
Equatorial Guinea,GNQ,2002,94.94573
Equatorial Guinea,GNQ,2003,93.58209
Equatorial Guinea,GNQ,2004,92.69624
Equatorial Guinea,GNQ,2005,89.27683
Equatorial Guinea,GNQ,2006,83.05556
Equatorial Guinea,GNQ,2007,73.56552
Equatorial Guinea,GNQ,2008,65.12753
Equatorial Guinea,GNQ,2009,58.4467
Equatorial Guinea,GNQ,2010,65.05111
Equatorial Guinea,GNQ,2011,63.86578
Equatorial Guinea,GNQ,2012,65.84922
Equatorial Guinea,GNQ,2013,70.18018
Equatorial Guinea,GNQ,2014,69.79709
Equatorial Guinea,GNQ,2015,59.61515
Equatorial Guinea,GNQ,2016,52.89769
Equatorial Guinea,GNQ,2017,52.11299
Equatorial Guinea,GNQ,2018,48.19948
Equatorial Guinea,GNQ,2019,46.7473
Equatorial Guinea,GNQ,2020,47.99351
Equatorial Guinea,GNQ,2021,48.02792
Eritrea,ERI,2000,4.09548
Eritrea,ERI,2001,5.28042
Eritrea,ERI,2002,2.9049
Eritrea,ERI,2003,4.22102
Eritrea,ERI,2004,1.1581
Eritrea,ERI,2005,2.08353
Eritrea,ERI,2006,1.24996
Eritrea,ERI,2007,2.05046
Eritrea,ERI,2008,1.23096
Eritrea,ERI,2009,1.32949
Eritrea,ERI,2010,5.1148
Eritrea,ERI,2011,4.39585
Eritrea,ERI,2012,2.6133
Eritrea,ERI,2013,2.66961
Eritrea,ERI,2014,6.8303
Eritrea,ERI,2015,3.83233
Eritrea,ERI,2016,5.8836
Eritrea,ERI,2017,6.50587
Eritrea,ERI,2018,5.68879
Eritrea,ERI,2019,12.48993
Eritrea,ERI,2020,10.46158
Eritrea,ERI,2021,5.82823
Eswatini,SWZ,2000,0.69315
Eswatini,SWZ,2001,1.02884
Eswatini,SWZ,2002,0.33987
Eswatini,SWZ,2003,0
Eswatini,SWZ,2004,0.33511
Eswatini,SWZ,2005,0
Eswatini,SWZ,2006,0
Eswatini,SWZ,2007,0
Eswatini,SWZ,2008,0
Eswatini,SWZ,2009,0
Eswatini,SWZ,2010,0
Eswatini,SWZ,2011,0
Eswatini,SWZ,2012,0.32133
Eswatini,SWZ,2013,0.31936
Eswatini,SWZ,2014,0
Eswatini,SWZ,2015,0
Eswatini,SWZ,2016,0
Eswatini,SWZ,2017,0.31018
Eswatini,SWZ,2018,0.30777
Eswatini,SWZ,2019,0
Eswatini,SWZ,2020,0
Eswatini,SWZ,2021,0
Ethiopia,ETH,2000,55.30293
Ethiopia,ETH,2001,49.75617
Ethiopia,ETH,2002,44.67224
Ethiopia,ETH,2003,45.8227
Ethiopia,ETH,2004,46.56604
Ethiopia,ETH,2005,32.18706
Ethiopia,ETH,2006,28.08825
Ethiopia,ETH,2007,22.78621
Ethiopia,ETH,2008,19.3662
Ethiopia,ETH,2009,27.49103
Ethiopia,ETH,2010,31.54823
Ethiopia,ETH,2011,27.66985
Ethiopia,ETH,2012,32.48329
Ethiopia,ETH,2013,40.93468
Ethiopia,ETH,2014,35.18026
Ethiopia,ETH,2015,31.75189
Ethiopia,ETH,2016,22.76835
Ethiopia,ETH,2017,16.93519
Ethiopia,ETH,2018,8.60152
Ethiopia,ETH,2019,7.35548
Ethiopia,ETH,2020,11.82585
Ethiopia,ETH,2021,9.83098
Europe (WHO),,2000,0
Europe (WHO),,2001,0
Europe (WHO),,2002,0
Europe (WHO),,2003,0
Europe (WHO),,2004,0
Europe (WHO),,2005,0
Europe (WHO),,2006,0
Europe (WHO),,2007,0
Europe (WHO),,2008,0
Europe (WHO),,2009,0
Europe (WHO),,2010,0
Europe (WHO),,2011,0
Europe (WHO),,2012,0
Europe (WHO),,2013,0
Europe (WHO),,2014,0
Europe (WHO),,2015,0
Europe (WHO),,2016,0
Europe (WHO),,2017,0
Europe (WHO),,2018,0
Europe (WHO),,2019,0
French Guiana,GUF,2000,9.89751
French Guiana,GUF,2001,9.49057
French Guiana,GUF,2002,8.09004
French Guiana,GUF,2003,8.73583
French Guiana,GUF,2004,6.53186
French Guiana,GUF,2005,4.49027
French Guiana,GUF,2006,4.34749
French Guiana,GUF,2007,4.23671
French Guiana,GUF,2008,3.30849
French Guiana,GUF,2009,2.42579
French Guiana,GUF,2010,3.16461
French Guiana,GUF,2011,1.54723
French Guiana,GUF,2012,1.51094
French Guiana,GUF,2013,0.7366
French Guiana,GUF,2014,0
French Guiana,GUF,2015,0
French Guiana,GUF,2016,0
French Guiana,GUF,2017,0
French Guiana,GUF,2018,0
French Guiana,GUF,2019,0
French Guiana,GUF,2020,0
French Guiana,GUF,2021,0
Gabon,GAB,2000,28.67389
Gabon,GAB,2001,22.34825
Gabon,GAB,2002,20.57098
Gabon,GAB,2003,17.62916
Gabon,GAB,2004,15.38342
Gabon,GAB,2005,14.94837
Gabon,GAB,2006,14.24261
Gabon,GAB,2007,13.74394
Gabon,GAB,2008,14.12519
Gabon,GAB,2009,14.69573
Gabon,GAB,2010,15.72084
Gabon,GAB,2011,16.92525
Gabon,GAB,2012,18.07585
Gabon,GAB,2013,19.87146
Gabon,GAB,2014,20.48956
Gabon,GAB,2015,20.06392
Gabon,GAB,2016,18.55042
Gabon,GAB,2017,17.8954
Gabon,GAB,2018,17.65501
Gabon,GAB,2019,17.12157
Gabon,GAB,2020,16.79336
Gabon,GAB,2021,16.40199
Gambia,GMB,2000,43.96402
Gambia,GMB,2001,39.47416
Gambia,GMB,2002,35.60582
Gambia,GMB,2003,33.00863
Gambia,GMB,2004,30.88899
Gambia,GMB,2005,29.39107
Gambia,GMB,2006,28.458
Gambia,GMB,2007,27.65056
Gambia,GMB,2008,27.02492
Gambia,GMB,2009,26.4094
Gambia,GMB,2010,26.73859
Gambia,GMB,2011,26.42362
Gambia,GMB,2012,26.00662
Gambia,GMB,2013,25.46039
Gambia,GMB,2014,25.17109
Gambia,GMB,2015,24.72113
Gambia,GMB,2016,24.25335
Gambia,GMB,2017,24.23166
Gambia,GMB,2018,24.37712
Gambia,GMB,2019,23.95488
Gambia,GMB,2020,23.62087
Gambia,GMB,2021,23.2962
Georgia,GEO,2000,0
Georgia,GEO,2001,0
Georgia,GEO,2002,0
Georgia,GEO,2003,0
Georgia,GEO,2004,0
Georgia,GEO,2005,0
Georgia,GEO,2006,0
Georgia,GEO,2007,0
Georgia,GEO,2008,0
Georgia,GEO,2009,0
Georgia,GEO,2010,0
Georgia,GEO,2011,0
Georgia,GEO,2012,0
Georgia,GEO,2013,0
Georgia,GEO,2014,0
Georgia,GEO,2015,0
Georgia,GEO,2016,0
Georgia,GEO,2017,0
Georgia,GEO,2018,0
Georgia,GEO,2019,0
Georgia,GEO,2021,0
Ghana,GHA,2000,94.82087
Ghana,GHA,2001,90.5842
Ghana,GHA,2002,81.87558
Ghana,GHA,2003,78.3609
Ghana,GHA,2004,72.29836
Ghana,GHA,2005,68.58707
Ghana,GHA,2006,67.8916
Ghana,GHA,2007,63.85522
Ghana,GHA,2008,63.42985
Ghana,GHA,2009,65.78156
Ghana,GHA,2010,64.50119
Ghana,GHA,2011,67.40075
Ghana,GHA,2012,63.57702
Ghana,GHA,2013,59.40652
Ghana,GHA,2014,52.73376
Ghana,GHA,2015,46.61781
Ghana,GHA,2016,41.19197
Ghana,GHA,2017,39.17311
Ghana,GHA,2018,39.60721
Ghana,GHA,2019,39.09614
Ghana,GHA,2020,38.89324
Ghana,GHA,2021,38.24502
Guatemala,GTM,2000,0.30475
Guatemala,GTM,2001,0.19854
Guatemala,GTM,2002,0.21557
Guatemala,GTM,2003,0.1686
Guatemala,GTM,2004,0.14429
Guatemala,GTM,2005,0.20173
Guatemala,GTM,2006,0.14814
Guatemala,GTM,2007,0.05803
Guatemala,GTM,2008,0.02843
Guatemala,GTM,2009,0.02787
Guatemala,GTM,2010,0.02733
Guatemala,GTM,2011,0.01786
Guatemala,GTM,2012,0.01751
Guatemala,GTM,2013,0.01718
Guatemala,GTM,2014,0.01686
Guatemala,GTM,2015,0.01656
Guatemala,GTM,2016,0.01626
Guatemala,GTM,2017,0.00799
Guatemala,GTM,2018,0.00786
Guatemala,GTM,2019,0
Guatemala,GTM,2020,0
Guatemala,GTM,2021,0
Guinea,GIN,2000,196.90614
Guinea,GIN,2001,188.60448
Guinea,GIN,2002,168.62152
Guinea,GIN,2003,146.50739
Guinea,GIN,2004,122.70899
Guinea,GIN,2005,108.37939
Guinea,GIN,2006,103.75511
Guinea,GIN,2007,104.12606
Guinea,GIN,2008,110.1558
Guinea,GIN,2009,123.39688
Guinea,GIN,2010,129.54291
Guinea,GIN,2011,131.70003
Guinea,GIN,2012,127.27215
Guinea,GIN,2013,113.40129
Guinea,GIN,2014,102.3703
Guinea,GIN,2015,90.57287
Guinea,GIN,2016,81.65294
Guinea,GIN,2017,75.7876
Guinea,GIN,2018,67.70284
Guinea,GIN,2019,66.86837
Guinea,GIN,2020,75.37966
Guinea,GIN,2021,69.75366
Guinea-Bissau,GNB,2000,186.5379
Guinea-Bissau,GNB,2001,144.26823
Guinea-Bissau,GNB,2002,102.98068
Guinea-Bissau,GNB,2003,64.98674
Guinea-Bissau,GNB,2004,56.86673
Guinea-Bissau,GNB,2005,56.1711
Guinea-Bissau,GNB,2006,53.46191
Guinea-Bissau,GNB,2007,52.11737
Guinea-Bissau,GNB,2008,52.00107
Guinea-Bissau,GNB,2009,53.10386
Guinea-Bissau,GNB,2010,53.53428
Guinea-Bissau,GNB,2011,52.45439
Guinea-Bissau,GNB,2012,50.03881
Guinea-Bissau,GNB,2013,48.00463
Guinea-Bissau,GNB,2014,45.88974
Guinea-Bissau,GNB,2015,43.15455
Guinea-Bissau,GNB,2016,44.53403
Guinea-Bissau,GNB,2017,44.09983
Guinea-Bissau,GNB,2018,45.71535
Guinea-Bissau,GNB,2019,44.40594
Guinea-Bissau,GNB,2020,48.06958
Guinea-Bissau,GNB,2021,49.93398
Guyana,GUY,2000,6.58717
Guyana,GUY,2001,6.84383
Guyana,GUY,2002,5.52397
Guyana,GUY,2003,6.96853
Guyana,GUY,2004,6.70678
Guyana,GUY,2005,9.08242
Guyana,GUY,2006,5.27449
Guyana,GUY,2007,2.64368
Guyana,GUY,2008,3.04979
Guyana,GUY,2009,3.72708
Guyana,GUY,2010,6.9525
Guyana,GUY,2011,9.67443
Guyana,GUY,2012,10.21552
Guyana,GUY,2013,12.04142
Guyana,GUY,2014,3.59466
Guyana,GUY,2015,2.91379
Guyana,GUY,2016,3.29343
Guyana,GUY,2017,4.45462
Guyana,GUY,2018,4.9649
Guyana,GUY,2019,3.75585
Guyana,GUY,2020,3.51228
Guyana,GUY,2021,3.35584
Haiti,HTI,2000,2.46345
Haiti,HTI,2001,2.4722
Haiti,HTI,2002,2.46821
Haiti,HTI,2003,2.46411
Haiti,HTI,2004,2.47303
Haiti,HTI,2005,2.46906
Haiti,HTI,2006,2.5004
Haiti,HTI,2007,2.22176
Haiti,HTI,2008,2.67689
Haiti,HTI,2009,2.4731
Haiti,HTI,2010,2.46764
Haiti,HTI,2011,2.33882
Haiti,HTI,2012,1.84915
Haiti,HTI,2013,1.74528
Haiti,HTI,2014,0.90294
Haiti,HTI,2015,0.86884
Haiti,HTI,2016,0.96114
Haiti,HTI,2017,0.86547
Haiti,HTI,2018,0.40656
Haiti,HTI,2019,0.45131
Haiti,HTI,2020,1.02953
Haiti,HTI,2021,0.55732
Honduras,HND,2000,0.38145
Honduras,HND,2001,0.24218
Honduras,HND,2002,0.17299
Honduras,HND,2003,0.13796
Honduras,HND,2004,0.17943
Honduras,HND,2005,0.16054
Honduras,HND,2006,0.11403
Honduras,HND,2007,0.09752
Honduras,HND,2008,0.08176
Honduras,HND,2009,0.1067
Honduras,HND,2010,0.09145
Honduras,HND,2011,0.06402
Honduras,HND,2012,0.05023
Honduras,HND,2013,0.0616
Honduras,HND,2014,0.03628
Honduras,HND,2015,0.04751
Honduras,HND,2016,0.05835
Honduras,HND,2017,0
Honduras,HND,2018,0
Honduras,HND,2019,0
Honduras,HND,2020,0
Honduras,HND,2021,0.02148
India,IND,2000,2.98559
India,IND,2001,2.84361
India,IND,2002,2.64805
India,IND,2003,2.66408
India,IND,2004,2.94134
India,IND,2005,3.01596
India,IND,2006,2.53947
India,IND,2007,2.49261
India,IND,2008,2.64728
India,IND,2009,2.80207
India,IND,2010,2.64434
India,IND,2011,2.18386
India,IND,2012,1.72016
India,IND,2013,1.38284
India,IND,2014,1.64799
India,IND,2015,1.7557
India,IND,2016,1.79074
India,IND,2017,1.28699
India,IND,2018,0.75282
India,IND,2019,0.59611
India,IND,2020,0.56071
India,IND,2021,0.56644
Indonesia,IDN,2000,0.72405
Indonesia,IDN,2001,0.72405
Indonesia,IDN,2002,0.72371
Indonesia,IDN,2003,0.72396
Indonesia,IDN,2004,0.60503
Indonesia,IDN,2005,0.71983
Indonesia,IDN,2006,0.84427
Indonesia,IDN,2007,0.72427
Indonesia,IDN,2008,0.72414
Indonesia,IDN,2009,0.72371
Indonesia,IDN,2010,1.31508
Indonesia,IDN,2011,1.1635
Indonesia,IDN,2012,1.13379
Indonesia,IDN,2013,0.96575
Indonesia,IDN,2014,0.73957
Indonesia,IDN,2015,0.63723
Indonesia,IDN,2016,0.72293
Indonesia,IDN,2017,0.49376
Indonesia,IDN,2018,0.42761
Indonesia,IDN,2019,0.51747
Indonesia,IDN,2020,0.52049
Indonesia,IDN,2021,0.51579
Iran,IRN,2000,0.59772
Iran,IRN,2001,0.29379
Iran,IRN,2002,0.29095
Iran,IRN,2003,0.72065
Iran,IRN,2004,0.14182
Iran,IRN,2005,0.13955
Iran,IRN,2006,0.13741
Iran,IRN,2007,0.40629
Iran,IRN,2008,0.40076
Iran,IRN,2009,0
Iran,IRN,2010,0
Iran,IRN,2011,0
Iran,IRN,2012,0
Iran,IRN,2013,0
Iran,IRN,2014,0
Iran,IRN,2015,0
Iran,IRN,2016,0
Iran,IRN,2017,0
Iran,IRN,2018,0
Iran,IRN,2019,0
Iran,IRN,2020,0
Iran,IRN,2021,0
Iraq,IRQ,2007,0
Iraq,IRQ,2008,0
Iraq,IRQ,2009,0
Iraq,IRQ,2010,0
Iraq,IRQ,2011,0
Iraq,IRQ,2012,0
Iraq,IRQ,2013,0
Iraq,IRQ,2014,0
Iraq,IRQ,2015,0
Iraq,IRQ,2017,0
Iraq,IRQ,2018,0
Iraq,IRQ,2019,0
Iraq,IRQ,2020,0
Iraq,IRQ,2021,0
Kazakhstan,KAZ,2010,0
Kazakhstan,KAZ,2011,0
Kazakhstan,KAZ,2012,0
Kazakhstan,KAZ,2013,0
Kazakhstan,KAZ,2014,0
Kazakhstan,KAZ,2015,0
Kazakhstan,KAZ,2016,0
Kazakhstan,KAZ,2017,0
Kazakhstan,KAZ,2018,0
Kazakhstan,KAZ,2019,0
Kazakhstan,KAZ,2021,0
Kenya,KEN,2000,36.87328
Kenya,KEN,2001,41.25113
Kenya,KEN,2002,39.62498
Kenya,KEN,2003,37.2996
Kenya,KEN,2004,32.43577
Kenya,KEN,2005,28.17286
Kenya,KEN,2006,25.89556
Kenya,KEN,2007,25.08361
Kenya,KEN,2008,24.18921
Kenya,KEN,2009,23.8279
Kenya,KEN,2010,23.57538
Kenya,KEN,2011,23.62839
Kenya,KEN,2012,22.95441
Kenya,KEN,2013,22.45472
Kenya,KEN,2014,22.21598
Kenya,KEN,2015,22.09322
Kenya,KEN,2016,22.40959
Kenya,KEN,2017,22.92835
Kenya,KEN,2018,22.45697
Kenya,KEN,2019,22.17405
Kenya,KEN,2020,22.63696
Kenya,KEN,2021,22.65986
Kyrgyzstan,KGZ,2000,0
Kyrgyzstan,KGZ,2001,0
Kyrgyzstan,KGZ,2002,0
Kyrgyzstan,KGZ,2003,0
Kyrgyzstan,KGZ,2004,0
Kyrgyzstan,KGZ,2005,0
Kyrgyzstan,KGZ,2006,0
Kyrgyzstan,KGZ,2007,0
Kyrgyzstan,KGZ,2008,0
Kyrgyzstan,KGZ,2009,0
Kyrgyzstan,KGZ,2010,0
Kyrgyzstan,KGZ,2011,0
Kyrgyzstan,KGZ,2012,0
Kyrgyzstan,KGZ,2013,0
Kyrgyzstan,KGZ,2014,0
Kyrgyzstan,KGZ,2015,0
Kyrgyzstan,KGZ,2016,0
Kyrgyzstan,KGZ,2017,0
Kyrgyzstan,KGZ,2018,0
Kyrgyzstan,KGZ,2019,0
Kyrgyzstan,KGZ,2021,0
Laos,LAO,2000,7.82055
Laos,LAO,2001,5.29225
Laos,LAO,2002,4.25083
Laos,LAO,2003,3.7159
Laos,LAO,2004,3.33177
Laos,LAO,2005,2.82381
Laos,LAO,2006,3.97512
Laos,LAO,2007,3.65828
Laos,LAO,2008,3.2574
Laos,LAO,2009,3.70178
Laos,LAO,2010,3.31274
Laos,LAO,2011,2.1865
Laos,LAO,2012,5.13761
Laos,LAO,2013,3.6394
Laos,LAO,2014,3.84855
Laos,LAO,2015,2.26516
Laos,LAO,2016,0.8924
Laos,LAO,2017,0.57672
Laos,LAO,2018,0.62212
Laos,LAO,2019,0.29312
Laos,LAO,2020,0.1838
Laos,LAO,2021,0.1553
Liberia,LBR,2000,221.95174
Liberia,LBR,2001,213.6067
Liberia,LBR,2002,207.54108
Liberia,LBR,2003,181.38367
Liberia,LBR,2004,150.13866
Liberia,LBR,2005,124.36021
Liberia,LBR,2006,106.35536
Liberia,LBR,2007,96.95161
Liberia,LBR,2008,93.15817
Liberia,LBR,2009,84.63365
Liberia,LBR,2010,71.41869
Liberia,LBR,2011,67.27814
Liberia,LBR,2012,63.71574
Liberia,LBR,2013,65.86388
Liberia,LBR,2014,73.35048
Liberia,LBR,2015,66.56073
Liberia,LBR,2016,80.51258
Liberia,LBR,2017,84.35087
Liberia,LBR,2018,69.92691
Liberia,LBR,2019,68.00007
Liberia,LBR,2020,77.26654
Liberia,LBR,2021,68.89492
Madagascar,MDG,2000,13.80698
Madagascar,MDG,2001,16.43959
Madagascar,MDG,2002,12.90384
Madagascar,MDG,2003,16.45762
Madagascar,MDG,2004,11.29815
Madagascar,MDG,2005,8.7164
Madagascar,MDG,2006,8.5115
Madagascar,MDG,2007,5.48056
Madagascar,MDG,2008,5.65479
Madagascar,MDG,2009,10.33286
Madagascar,MDG,2010,10.16058
Madagascar,MDG,2011,9.1059
Madagascar,MDG,2012,17.15997
Madagascar,MDG,2013,15.69013
Madagascar,MDG,2014,11.00513
Madagascar,MDG,2015,23.33918
Madagascar,MDG,2016,13.65386
Madagascar,MDG,2017,18.62088
Madagascar,MDG,2018,17.69316
Madagascar,MDG,2019,18.25437
Madagascar,MDG,2020,36.36824
Madagascar,MDG,2021,43.47472
Malawi,MWI,2000,161.80759
Malawi,MWI,2001,147.13686
Malawi,MWI,2002,122.10957
Malawi,MWI,2003,99.91756
Malawi,MWI,2004,85.40575
Malawi,MWI,2005,79.00814
Malawi,MWI,2006,79.46147
Malawi,MWI,2007,82.80561
Malawi,MWI,2008,83.43039
Malawi,MWI,2009,80.36964
Malawi,MWI,2010,73.49293
Malawi,MWI,2011,65.403
Malawi,MWI,2012,57.858
Malawi,MWI,2013,49.45467
Malawi,MWI,2014,44.69605
Malawi,MWI,2015,41.46068
Malawi,MWI,2016,39.9526
Malawi,MWI,2017,39.28155
Malawi,MWI,2018,38.22433
Malawi,MWI,2019,37.42447
Malawi,MWI,2020,38.18949
Malawi,MWI,2021,37.16489
Malaysia,MYS,2000,3.81344
Malaysia,MYS,2001,4.88478
Malaysia,MYS,2002,3.93498
Malaysia,MYS,2003,2.12212
Malaysia,MYS,2004,3.45396
Malaysia,MYS,2005,3.18244
Malaysia,MYS,2006,1.98043
Malaysia,MYS,2007,1.38414
Malaysia,MYS,2008,1.80739
Malaysia,MYS,2009,2.03776
Malaysia,MYS,2010,1.13171
Malaysia,MYS,2011,0.94229
Malaysia,MYS,2012,0.92717
Malaysia,MYS,2013,0.82961
Malaysia,MYS,2014,0.32673
Malaysia,MYS,2015,0.32187
Malaysia,MYS,2016,0.1586
Malaysia,MYS,2017,0.07818
Malaysia,MYS,2018,0
Malaysia,MYS,2019,0
Malaysia,MYS,2020,0
Malaysia,MYS,2021,0
Mali,MLI,2000,220.11546
Mali,MLI,2001,192.07819
Mali,MLI,2002,186.89565
Mali,MLI,2003,177.54584
Mali,MLI,2004,176.84293
Mali,MLI,2005,180.387
Mali,MLI,2006,171.73949
Mali,MLI,2007,154.63487
Mali,MLI,2008,132.20291
Mali,MLI,2009,114.23147
Mali,MLI,2010,111.76378
Mali,MLI,2011,126.23027
Mali,MLI,2012,144.9861
Mali,MLI,2013,150.22908
Mali,MLI,2014,130.26004
Mali,MLI,2015,98.1786
Mali,MLI,2016,78.80169
Mali,MLI,2017,79.96331
Mali,MLI,2018,92.4186
Mali,MLI,2019,90.58013
Mali,MLI,2020,97.35187
Mali,MLI,2021,90.99756
Mauritania,MRT,2000,34.76805
Mauritania,MRT,2001,32.58717
Mauritania,MRT,2002,31.18684
Mauritania,MRT,2003,30.41626
Mauritania,MRT,2004,28.67736
Mauritania,MRT,2005,29.21298
Mauritania,MRT,2006,28.3653
Mauritania,MRT,2007,27.36635
Mauritania,MRT,2008,26.81441
Mauritania,MRT,2009,26.30457
Mauritania,MRT,2010,25.41336
Mauritania,MRT,2011,25.59411
Mauritania,MRT,2012,25.82428
Mauritania,MRT,2013,25.46114
Mauritania,MRT,2014,25.91608
Mauritania,MRT,2015,26.15161
Mauritania,MRT,2016,25.88915
Mauritania,MRT,2017,25.69702
Mauritania,MRT,2018,25.4056
Mauritania,MRT,2019,25.41146
Mauritania,MRT,2020,25.09667
Mauritania,MRT,2021,24.78887
Mauritius,MUS,2021,0
Mayotte,MYT,2003,10.16854
Mayotte,MYT,2004,9.89487
Mayotte,MYT,2005,4.85779
Mayotte,MYT,2006,2.38095
Mayotte,MYT,2007,2.3238
Mayotte,MYT,2008,2.26162
Mayotte,MYT,2009,0
Mayotte,MYT,2010,2.14629
Mayotte,MYT,2011,0
Mayotte,MYT,2012,0
Mayotte,MYT,2013,0
Mayotte,MYT,2014,0
Mayotte,MYT,2015,0
Mayotte,MYT,2016,0
Mayotte,MYT,2017,0
Mayotte,MYT,2018,0
Mayotte,MYT,2019,0
Mexico,MEX,2000,0
Mexico,MEX,2001,0
Mexico,MEX,2002,0
Mexico,MEX,2003,0
Mexico,MEX,2004,0
Mexico,MEX,2005,0
Mexico,MEX,2006,0
Mexico,MEX,2007,0
Mexico,MEX,2008,0
Mexico,MEX,2009,0
Mexico,MEX,2010,0
Mexico,MEX,2011,0
Mexico,MEX,2012,0
Mexico,MEX,2013,0
Mexico,MEX,2014,0
Mexico,MEX,2015,0
Mexico,MEX,2016,0
Mexico,MEX,2017,0
Mexico,MEX,2018,0
Mexico,MEX,2019,0
Mexico,MEX,2020,0
Mexico,MEX,2021,0
Morocco,MAR,2001,0
Morocco,MAR,2005,0
Morocco,MAR,2006,0
Morocco,MAR,2007,0
Morocco,MAR,2008,0
Morocco,MAR,2009,0
Morocco,MAR,2010,0
Morocco,MAR,2011,0
Morocco,MAR,2012,0
Morocco,MAR,2013,0
Morocco,MAR,2014,0
Morocco,MAR,2015,0
Morocco,MAR,2016,0
Morocco,MAR,2017,0
Morocco,MAR,2018,0
Morocco,MAR,2019,0
Morocco,MAR,2020,0
Morocco,MAR,2021,0
Mozambique,MOZ,2000,251.5631
Mozambique,MOZ,2001,242.4054
Mozambique,MOZ,2002,219.16084
Mozambique,MOZ,2003,192.7215
Mozambique,MOZ,2004,162.03581
Mozambique,MOZ,2005,134.67838
Mozambique,MOZ,2006,131.6745
Mozambique,MOZ,2007,122.20571
Mozambique,MOZ,2008,117.12671
Mozambique,MOZ,2009,115.83721
Mozambique,MOZ,2010,113.28904
Mozambique,MOZ,2011,108.10415
Mozambique,MOZ,2012,102.81117
Mozambique,MOZ,2013,100.68616
Mozambique,MOZ,2014,95.07386
Mozambique,MOZ,2015,87.61608
Mozambique,MOZ,2016,82.5267
Mozambique,MOZ,2017,74.91571
Mozambique,MOZ,2018,65.25313
Mozambique,MOZ,2019,63.25119
Mozambique,MOZ,2020,75.9921
Mozambique,MOZ,2021,69.492
Myanmar,MMR,2000,10.11677
Myanmar,MMR,2001,10.1179
Myanmar,MMR,2002,10.1178
Myanmar,MMR,2003,10.11873
Myanmar,MMR,2004,10.11894
Myanmar,MMR,2005,10.11806
Myanmar,MMR,2006,7.13108
Myanmar,MMR,2007,8.87844
Myanmar,MMR,2008,11.10927
Myanmar,MMR,2009,10.36223
Myanmar,MMR,2010,12.32458
Myanmar,MMR,2011,10.84466
Myanmar,MMR,2012,11.41563
Myanmar,MMR,2013,3.87794
Myanmar,MMR,2014,2.39824
Myanmar,MMR,2015,1.56973
Myanmar,MMR,2016,0.88715
Myanmar,MMR,2017,0.67157
Myanmar,MMR,2018,0.5232
Myanmar,MMR,2019,0.30727
Myanmar,MMR,2020,0.24217
Myanmar,MMR,2021,0.72143
Namibia,NAM,2000,13.71245
Namibia,NAM,2001,17.84843
Namibia,NAM,2002,12.00788
Namibia,NAM,2003,11.31305
Namibia,NAM,2004,17.53927
Namibia,NAM,2005,10.71871
Namibia,NAM,2006,11.0348
Namibia,NAM,2007,3.25688
Namibia,NAM,2008,1.85403
Namibia,NAM,2009,0.91385
Namibia,NAM,2010,0.36008
Namibia,NAM,2011,0.41358
Namibia,NAM,2012,0.75563
Namibia,NAM,2013,1.14297
Namibia,NAM,2014,3.6509
Namibia,NAM,2015,2.09725
Namibia,NAM,2016,4.44647
Namibia,NAM,2017,12.14803
Namibia,NAM,2018,6.7033
Namibia,NAM,2019,0.7209
Namibia,NAM,2020,2.58134
Namibia,NAM,2021,2.68883
Nepal,NPL,2000,0.35067
Nepal,NPL,2001,0.38651
Nepal,NPL,2002,0.84314
Nepal,NPL,2003,0.61702
Nepal,NPL,2004,0.31795
Nepal,NPL,2005,0.34076
Nepal,NPL,2006,0.4157
Nepal,NPL,2007,0.50294
Nepal,NPL,2008,0.32038
Nepal,NPL,2009,0.26767
Nepal,NPL,2010,0.34245
Nepal,NPL,2011,0.20215
Nepal,NPL,2012,0.16386
Nepal,NPL,2013,0.07549
Nepal,NPL,2014,0.03763
Nepal,NPL,2015,0.02495
Nepal,NPL,2016,0.02473
Nepal,NPL,2017,0
Nepal,NPL,2018,0.01208
Nepal,NPL,2019,0
Nepal,NPL,2020,0
Nepal,NPL,2021,0
Nicaragua,NIC,2000,0.17887
Nicaragua,NIC,2001,0.08824
Nicaragua,NIC,2002,0.3485
Nicaragua,NIC,2003,0.30127
Nicaragua,NIC,2004,0.04253
Nicaragua,NIC,2005,0.252
Nicaragua,NIC,2006,0.04143
Nicaragua,NIC,2007,0
Nicaragua,NIC,2008,0
Nicaragua,NIC,2009,0
Nicaragua,NIC,2010,0.03912
Nicaragua,NIC,2011,0.03855
Nicaragua,NIC,2012,0.07598
Nicaragua,NIC,2013,0
Nicaragua,NIC,2014,0
Nicaragua,NIC,2015,0.03637
Nicaragua,NIC,2016,0.07171
Nicaragua,NIC,2017,0.03535
Nicaragua,NIC,2018,0.10457
Nicaragua,NIC,2019,0.03438
Nicaragua,NIC,2020,0
Nicaragua,NIC,2021,0
Niger,NER,2000,225.26675
Niger,NER,2001,193.14412
Niger,NER,2002,171.34805
Niger,NER,2003,148.30875
Niger,NER,2004,133.73347
Niger,NER,2005,144.4293
Niger,NER,2006,134.69386
Niger,NER,2007,134.75749
Niger,NER,2008,137.5591
Niger,NER,2009,149.33986
Niger,NER,2010,159.00845
Niger,NER,2011,163.30971
Niger,NER,2012,161.39212
Niger,NER,2013,154.7402
Niger,NER,2014,144.37839
Niger,NER,2015,130.08664
Niger,NER,2016,124.79839
Niger,NER,2017,109.55509
Niger,NER,2018,97.65223
Niger,NER,2019,96.26593
Niger,NER,2020,98.90834
Niger,NER,2021,98.98735
Nigeria,NGA,2000,202.89375
Nigeria,NGA,2001,192.21074
Nigeria,NGA,2002,177.85046
Nigeria,NGA,2003,170.10393
Nigeria,NGA,2004,165.65752
Nigeria,NGA,2005,163.96101
Nigeria,NGA,2006,161.01392
Nigeria,NGA,2007,154.54297
Nigeria,NGA,2008,145.31523
Nigeria,NGA,2009,134.27885
Nigeria,NGA,2010,122.77633
Nigeria,NGA,2011,111.27574
Nigeria,NGA,2012,101.92153
Nigeria,NGA,2013,96.69018
Nigeria,NGA,2014,92.08881
Nigeria,NGA,2015,88.63681
Nigeria,NGA,2016,87.81189
Nigeria,NGA,2017,91.23656
Nigeria,NGA,2018,94.22967
Nigeria,NGA,2019,92.19078
Nigeria,NGA,2020,93.94827
Nigeria,NGA,2021,90.67985
North Korea,PRK,2000,0
North Korea,PRK,2001,0
North Korea,PRK,2002,0
North Korea,PRK,2003,0
North Korea,PRK,2004,0
North Korea,PRK,2005,0
North Korea,PRK,2006,0
North Korea,PRK,2007,0
North Korea,PRK,2008,0
North Korea,PRK,2009,0
North Korea,PRK,2010,0
North Korea,PRK,2011,0
North Korea,PRK,2012,0
North Korea,PRK,2013,0
North Korea,PRK,2014,0
North Korea,PRK,2015,0
North Korea,PRK,2016,0
North Korea,PRK,2017,0
North Korea,PRK,2018,0
North Korea,PRK,2019,0
North Korea,PRK,2020,0
North Korea,PRK,2021,0
Oman,OMN,2004,0
Oman,OMN,2005,0
Oman,OMN,2006,0
Oman,OMN,2007,0
Oman,OMN,2008,0
Oman,OMN,2009,0
Oman,OMN,2010,0
Oman,OMN,2011,0
Oman,OMN,2012,0
Oman,OMN,2013,0
Oman,OMN,2014,0
Oman,OMN,2015,0
Oman,OMN,2016,0
Oman,OMN,2017,0
Oman,OMN,2018,0
Oman,OMN,2019,0
Oman,OMN,2020,0
Oman,OMN,2021,0
Pakistan,PAK,2000,0.65168
Pakistan,PAK,2001,0.73086
Pakistan,PAK,2002,0.62366
Pakistan,PAK,2003,0.60405
Pakistan,PAK,2004,0.38327
Pakistan,PAK,2005,0.53842
Pakistan,PAK,2006,0.50382
Pakistan,PAK,2007,0.49147
Pakistan,PAK,2008,0.37146
Pakistan,PAK,2009,0.53501
Pakistan,PAK,2010,0.84532
Pakistan,PAK,2011,0.92907
Pakistan,PAK,2012,0.85668
Pakistan,PAK,2013,0.57711
Pakistan,PAK,2014,0.35412
Pakistan,PAK,2015,0.36884
Pakistan,PAK,2016,0.40206
Pakistan,PAK,2017,0.30133
Pakistan,PAK,2018,0.23655
Pakistan,PAK,2019,0.24781
Pakistan,PAK,2020,0.20326
Pakistan,PAK,2021,0.2022
Panama,PAN,2000,0.03444
Panama,PAN,2001,0.03377
Panama,PAN,2002,0.06624
Panama,PAN,2003,0.12996
Panama,PAN,2004,0.06374
Panama,PAN,2005,0.03127
Panama,PAN,2006,0.03069
Panama,PAN,2007,0.03012
Panama,PAN,2008,0.02957
Panama,PAN,2009,0
Panama,PAN,2010,0.02853
Panama,PAN,2011,0
Panama,PAN,2012,0.02753
Panama,PAN,2013,0
Panama,PAN,2014,0
Panama,PAN,2015,0
Panama,PAN,2016,0
Panama,PAN,2017,0
Panama,PAN,2018,0
Panama,PAN,2019,0
Panama,PAN,2020,0
Panama,PAN,2021,0
Papua New Guinea,PNG,2000,57.04122
Papua New Guinea,PNG,2001,53.96167
Papua New Guinea,PNG,2002,44.71713
Papua New Guinea,PNG,2003,46.2323
Papua New Guinea,PNG,2004,55.88602
Papua New Guinea,PNG,2005,43.02321
Papua New Guinea,PNG,2006,43.58833
Papua New Guinea,PNG,2007,38.89574
Papua New Guinea,PNG,2008,35.13595
Papua New Guinea,PNG,2009,45.90366
Papua New Guinea,PNG,2010,31.04202
Papua New Guinea,PNG,2011,26.02913
Papua New Guinea,PNG,2012,34.12427
Papua New Guinea,PNG,2013,41.86462
Papua New Guinea,PNG,2014,37.12126
Papua New Guinea,PNG,2015,21.42321
Papua New Guinea,PNG,2016,28.85663
Papua New Guinea,PNG,2017,27.53764
Papua New Guinea,PNG,2018,27.55855
Papua New Guinea,PNG,2019,23.57876
Papua New Guinea,PNG,2020,30.38061
Papua New Guinea,PNG,2021,24.61446
Paraguay,PRY,2000,0
Paraguay,PRY,2001,0
Paraguay,PRY,2002,0
Paraguay,PRY,2003,0
Paraguay,PRY,2004,0
Paraguay,PRY,2005,0
Paraguay,PRY,2006,0
Paraguay,PRY,2007,0
Paraguay,PRY,2008,0
Paraguay,PRY,2009,0
Paraguay,PRY,2010,0
Paraguay,PRY,2011,0
Paraguay,PRY,2012,0
Paraguay,PRY,2013,0
Paraguay,PRY,2014,0
Paraguay,PRY,2015,0
Paraguay,PRY,2016,0
Paraguay,PRY,2017,0
Paraguay,PRY,2018,0
Paraguay,PRY,2019,0
Paraguay,PRY,2020,0
Paraguay,PRY,2021,0
Peru,PER,2000,1.01253
Peru,PER,2001,0.8388
Peru,PER,2002,1.00597
Peru,PER,2003,0.87563
Peru,PER,2004,0.89452
Peru,PER,2005,0.72365
Peru,PER,2006,0.4665
Peru,PER,2007,0.3828
Peru,PER,2008,0.30051
Peru,PER,2009,0.27208
Peru,PER,2010,0.17421
Peru,PER,2011,0.16411
Peru,PER,2012,0.2054
Peru,PER,2013,0.38142
Peru,PER,2014,0.50328
Peru,PER,2015,0.58032
Peru,PER,2016,0.56429
Peru,PER,2017,0.51557
Peru,PER,2018,0.37949
Peru,PER,2019,0.27148
Peru,PER,2020,0.17583
Peru,PER,2021,0.12838
Philippines,PHL,2000,0.4506
Philippines,PHL,2001,0.30924
Philippines,PHL,2002,0.38131
Philippines,PHL,2003,0.53355
Philippines,PHL,2004,0.4742
Philippines,PHL,2005,0.33336
Philippines,PHL,2006,0.39766
Philippines,PHL,2007,0.41914
Philippines,PHL,2008,0.27173
Philippines,PHL,2009,0.2149
Philippines,PHL,2010,0.20561
Philippines,PHL,2011,0.08401
Philippines,PHL,2012,0.06148
Philippines,PHL,2013,0.06218
Philippines,PHL,2014,0.04928
Philippines,PHL,2015,0.10529
Philippines,PHL,2016,0.06239
Philippines,PHL,2017,0.05808
Philippines,PHL,2018,0.03965
Philippines,PHL,2019,0.04836
Philippines,PHL,2020,0.05065
Philippines,PHL,2021,0.03327
Rwanda,RWA,2000,83.46497
Rwanda,RWA,2001,78.53899
Rwanda,RWA,2002,63.54283
Rwanda,RWA,2003,51.27222
Rwanda,RWA,2004,42.28915
Rwanda,RWA,2005,36.93651
Rwanda,RWA,2006,33.7538
Rwanda,RWA,2007,31.82764
Rwanda,RWA,2008,30.50502
Rwanda,RWA,2009,29.43128
Rwanda,RWA,2010,28.92609
Rwanda,RWA,2011,27.75852
Rwanda,RWA,2012,26.77962
Rwanda,RWA,2013,26.0689
Rwanda,RWA,2014,25.54438
Rwanda,RWA,2015,25.32002
Rwanda,RWA,2016,25.3711
Rwanda,RWA,2017,25.23233
Rwanda,RWA,2018,24.6812
Rwanda,RWA,2019,24.48768
Rwanda,RWA,2020,24.37937
Rwanda,RWA,2021,24.20166
Sao Tome and Principe,STP,2000,176.73991
Sao Tome and Principe,STP,2001,169.56337
Sao Tome and Principe,STP,2002,214.22708
Sao Tome and Principe,STP,2003,125.51866
Sao Tome and Principe,STP,2004,107.16754
Sao Tome and Principe,STP,2005,52.57298
Sao Tome and Principe,STP,2006,15.68864
Sao Tome and Principe,STP,2007,1.76632
Sao Tome and Principe,STP,2008,9.19519
Sao Tome and Principe,STP,2009,12.91206
Sao Tome and Principe,STP,2010,7.68648
Sao Tome and Principe,STP,2011,10.21264
Sao Tome and Principe,STP,2012,3.68568
Sao Tome and Principe,STP,2013,5.67721
Sao Tome and Principe,STP,2014,0
Sao Tome and Principe,STP,2015,0
Sao Tome and Principe,STP,2016,0.48868
Sao Tome and Principe,STP,2017,0.48069
Sao Tome and Principe,STP,2018,0
Sao Tome and Principe,STP,2019,0
Sao Tome and Principe,STP,2020,0
Sao Tome and Principe,STP,2021,0.44822
Saudi Arabia,SAU,2001,0
Saudi Arabia,SAU,2002,0
Saudi Arabia,SAU,2003,0
Saudi Arabia,SAU,2004,0
Saudi Arabia,SAU,2005,0
Saudi Arabia,SAU,2006,0
Saudi Arabia,SAU,2007,0
Saudi Arabia,SAU,2008,0
Saudi Arabia,SAU,2009,0
Saudi Arabia,SAU,2010,0
Saudi Arabia,SAU,2011,0
Saudi Arabia,SAU,2012,0
Saudi Arabia,SAU,2013,0
Saudi Arabia,SAU,2014,0
Saudi Arabia,SAU,2015,0
Saudi Arabia,SAU,2016,0
Saudi Arabia,SAU,2017,0
Saudi Arabia,SAU,2018,0
Saudi Arabia,SAU,2019,0
Saudi Arabia,SAU,2020,0
Saudi Arabia,SAU,2021,0
Senegal,SEN,2000,63.00308
Senegal,SEN,2001,58.32144
Senegal,SEN,2002,46.68523
Senegal,SEN,2003,46.64333
Senegal,SEN,2004,41.45367
Senegal,SEN,2005,36.9599
Senegal,SEN,2006,34.8563
Senegal,SEN,2007,33.29336
Senegal,SEN,2008,32.52778
Senegal,SEN,2009,31.54564
Senegal,SEN,2010,30.59029
Senegal,SEN,2011,29.50478
Senegal,SEN,2012,28.05356
Senegal,SEN,2013,27.51632
Senegal,SEN,2014,27.60855
Senegal,SEN,2015,27.23566
Senegal,SEN,2016,26.46536
Senegal,SEN,2017,26.3033
Senegal,SEN,2018,26.91509
Senegal,SEN,2019,26.56745
Senegal,SEN,2020,26.22882
Senegal,SEN,2021,25.92328
Sierra Leone,SLE,2000,276.30487
Sierra Leone,SLE,2001,285.08804
Sierra Leone,SLE,2002,269.13806
Sierra Leone,SLE,2003,244.08946
Sierra Leone,SLE,2004,226.13873
Sierra Leone,SLE,2005,199.81229
Sierra Leone,SLE,2006,186.65099
Sierra Leone,SLE,2007,188.84816
Sierra Leone,SLE,2008,208.72258
Sierra Leone,SLE,2009,226.18782
Sierra Leone,SLE,2010,238.89578
Sierra Leone,SLE,2011,226.96803
Sierra Leone,SLE,2012,206.53783
Sierra Leone,SLE,2013,186.78052
Sierra Leone,SLE,2014,158.48613
Sierra Leone,SLE,2015,148.79477
Sierra Leone,SLE,2016,128.89127
Sierra Leone,SLE,2017,114.09868
Sierra Leone,SLE,2018,94.23401
Sierra Leone,SLE,2019,89.92363
Sierra Leone,SLE,2020,109.54618
Sierra Leone,SLE,2021,98.73358
Solomon Islands,SLB,2000,111.82161
Solomon Islands,SLB,2001,119.49788
Solomon Islands,SLB,2002,114.95747
Solomon Islands,SLB,2003,99.86794
Solomon Islands,SLB,2004,139.59453
Solomon Islands,SLB,2005,114.51636
Solomon Islands,SLB,2006,112.386
Solomon Islands,SLB,2007,62.05312
Solomon Islands,SLB,2008,35.62759
Solomon Islands,SLB,2009,27.17423
Solomon Islands,SLB,2010,30.46786
Solomon Islands,SLB,2011,19.70145
Solomon Islands,SLB,2012,15.8339
Solomon Islands,SLB,2013,14.3962
Solomon Islands,SLB,2014,9.46904
Solomon Islands,SLB,2015,9.39767
Solomon Islands,SLB,2016,16.56428
Solomon Islands,SLB,2017,21.0296
Solomon Islands,SLB,2018,16.70099
Solomon Islands,SLB,2019,23.64409
Solomon Islands,SLB,2020,17.97512
Solomon Islands,SLB,2021,23.11736
Somalia,SOM,2000,34.54695
Somalia,SOM,2001,36.21532
Somalia,SOM,2002,33.61986
Somalia,SOM,2003,33.2743
Somalia,SOM,2004,31.50033
Somalia,SOM,2005,34.05847
Somalia,SOM,2006,30.25506
Somalia,SOM,2007,25.1482
Somalia,SOM,2008,15.82368
Somalia,SOM,2009,9.74421
Somalia,SOM,2010,10.64303
Somalia,SOM,2011,8.78296
Somalia,SOM,2012,8.91456
Somalia,SOM,2013,10.51937
Somalia,SOM,2014,12.23211
Somalia,SOM,2015,14.45084
Somalia,SOM,2016,14.34984
Somalia,SOM,2017,14.12788
Somalia,SOM,2018,14.26245
Somalia,SOM,2019,14.46065
Somalia,SOM,2020,14.34358
Somalia,SOM,2021,14.68453
South Africa,ZAF,2000,9.05726
South Africa,ZAF,2001,1.71502
South Africa,ZAF,2002,2.0142
South Africa,ZAF,2003,2.95194
South Africa,ZAF,2004,1.81234
South Africa,ZAF,2005,1.28526
South Africa,ZAF,2006,1.75787
South Africa,ZAF,2007,0.74006
South Africa,ZAF,2008,0.85038
South Africa,ZAF,2009,0.87941
South Africa,ZAF,2010,1.60278
South Africa,ZAF,2011,1.02968
South Africa,ZAF,2012,1.35478
South Africa,ZAF,2013,1.94901
South Africa,ZAF,2014,3.17927
South Africa,ZAF,2015,1.96863
South Africa,ZAF,2016,0.6026
South Africa,ZAF,2017,5.31415
South Africa,ZAF,2018,1.20336
South Africa,ZAF,2019,1.36003
South Africa,ZAF,2020,0.64624
South Africa,ZAF,2021,0.94288
South Korea,KOR,2000,0
South Korea,KOR,2001,0
South Korea,KOR,2002,0
South Korea,KOR,2003,0
South Korea,KOR,2004,0
South Korea,KOR,2005,0
South Korea,KOR,2006,0
South Korea,KOR,2007,0.02963
South Korea,KOR,2008,0
South Korea,KOR,2009,0.0294
South Korea,KOR,2010,0.02927
South Korea,KOR,2011,0.05811
South Korea,KOR,2012,0
South Korea,KOR,2013,0
South Korea,KOR,2014,0
South Korea,KOR,2015,0
South Korea,KOR,2016,0
South Korea,KOR,2017,0
South Korea,KOR,2018,0
South Korea,KOR,2019,0
South Korea,KOR,2020,0
South Korea,KOR,2021,0
South Sudan,SSD,2000,179.47678
South Sudan,SSD,2001,164.26794
South Sudan,SSD,2002,140.88931
South Sudan,SSD,2003,125.43678
South Sudan,SSD,2004,110.56266
South Sudan,SSD,2005,98.49068
South Sudan,SSD,2006,89.99296
South Sudan,SSD,2007,81.50563
South Sudan,SSD,2008,75.78292
South Sudan,SSD,2009,69.20406
South Sudan,SSD,2010,62.87561
South Sudan,SSD,2011,57.60003
South Sudan,SSD,2012,54.57126
South Sudan,SSD,2013,53.34939
South Sudan,SSD,2014,55.57694
South Sudan,SSD,2015,58.44046
South Sudan,SSD,2016,62.2622
South Sudan,SSD,2017,66.93422
South Sudan,SSD,2018,66.07775
South Sudan,SSD,2019,67.9099
South Sudan,SSD,2020,68.73321
South Sudan,SSD,2021,68.32726
South-East Asia (WHO),,2000,2.73951
South-East Asia (WHO),,2001,2.61193
South-East Asia (WHO),,2002,2.45188
South-East Asia (WHO),,2003,2.44382
South-East Asia (WHO),,2004,2.66277
South-East Asia (WHO),,2005,2.72385
South-East Asia (WHO),,2006,2.30531
South-East Asia (WHO),,2007,2.28459
South-East Asia (WHO),,2008,2.4514
South-East Asia (WHO),,2009,2.54359
South-East Asia (WHO),,2010,2.55524
South-East Asia (WHO),,2011,2.12835
South-East Asia (WHO),,2012,1.76307
South-East Asia (WHO),,2013,1.32327
South-East Asia (WHO),,2014,1.46913
South-East Asia (WHO),,2015,1.51677
South-East Asia (WHO),,2016,1.54287
South-East Asia (WHO),,2017,1.10648
South-East Asia (WHO),,2018,0.67197
South-East Asia (WHO),,2019,0.56096
South-East Asia (WHO),,2020,0.52996
South-East Asia (WHO),,2021,0.54269
Sri Lanka,LKA,2000,1.783
Sri Lanka,LKA,2001,1.19495
Sri Lanka,LKA,2002,0.68252
Sri Lanka,LKA,2003,0.0901
Sri Lanka,LKA,2004,0.02231
Sri Lanka,LKA,2005,0
Sri Lanka,LKA,2006,0.02188
Sri Lanka,LKA,2007,0.02165
Sri Lanka,LKA,2008,0
Sri Lanka,LKA,2009,0
Sri Lanka,LKA,2010,0
Sri Lanka,LKA,2011,0
Sri Lanka,LKA,2012,0
Sri Lanka,LKA,2013,0
Sri Lanka,LKA,2014,0
Sri Lanka,LKA,2015,0
Sri Lanka,LKA,2016,0
Sri Lanka,LKA,2017,0
Sri Lanka,LKA,2018,0
Sri Lanka,LKA,2019,0
Sri Lanka,LKA,2020,0
Sri Lanka,LKA,2021,0
Sudan,SDN,2000,22.7311
Sudan,SDN,2001,21.15986
Sudan,SDN,2002,16.33278
Sudan,SDN,2003,14.96684
Sudan,SDN,2004,13.565
Sudan,SDN,2005,13.39175
Sudan,SDN,2006,12.90675
Sudan,SDN,2007,11.39746
Sudan,SDN,2008,9.46508
Sudan,SDN,2009,8.48302
Sudan,SDN,2010,8.01721
Sudan,SDN,2011,7.97801
Sudan,SDN,2012,8.10016
Sudan,SDN,2013,8.56054
Sudan,SDN,2014,9.45052
Sudan,SDN,2015,10.34288
Sudan,SDN,2016,11.49651
Sudan,SDN,2017,12.81471
Sudan,SDN,2018,14.00508
Sudan,SDN,2019,15.43529
Sudan,SDN,2020,17.18028
Sudan,SDN,2021,17.04879
Suriname,SUR,2000,33.92322
Suriname,SUR,2001,31.94977
Suriname,SUR,2002,20.48928
Suriname,SUR,2003,24.19095
Suriname,SUR,2004,9.28247
Suriname,SUR,2005,1.31156
Suriname,SUR,2006,1.29698
Suriname,SUR,2007,1.28243
Suriname,SUR,2008,0
Suriname,SUR,2009,0
Suriname,SUR,2010,1.23983
Suriname,SUR,2011,1.22623
Suriname,SUR,2012,0
Suriname,SUR,2013,1.20057
Suriname,SUR,2014,1.18847
Suriname,SUR,2015,0
Suriname,SUR,2016,0
Suriname,SUR,2017,1.15231
Suriname,SUR,2018,0
Suriname,SUR,2019,0
Suriname,SUR,2020,0
Suriname,SUR,2021,0
Syria,SYR,2005,0
Syria,SYR,2006,0
Syria,SYR,2007,0
Syria,SYR,2008,0
Syria,SYR,2009,0
Syria,SYR,2010,0
Syria,SYR,2011,0
Syria,SYR,2012,0
Syria,SYR,2013,0
Syria,SYR,2014,0
Syria,SYR,2015,0
Syria,SYR,2016,0
Syria,SYR,2017,0
Syria,SYR,2018,0
Syria,SYR,2019,0
Syria,SYR,2020,0
Syria,SYR,2021,0
Tajikistan,TJK,2000,0
Tajikistan,TJK,2001,0
Tajikistan,TJK,2002,0
Tajikistan,TJK,2003,0
Tajikistan,TJK,2004,0
Tajikistan,TJK,2005,0
Tajikistan,TJK,2006,0
Tajikistan,TJK,2007,0
Tajikistan,TJK,2008,0
Tajikistan,TJK,2009,0
Tajikistan,TJK,2010,0
Tajikistan,TJK,2011,0
Tajikistan,TJK,2012,0
Tajikistan,TJK,2013,0
Tajikistan,TJK,2014,0
Tajikistan,TJK,2015,0
Tajikistan,TJK,2016,0
Tajikistan,TJK,2017,0
Tajikistan,TJK,2018,0
Tajikistan,TJK,2019,0
Tajikistan,TJK,2021,0
Tanzania,TZA,2000,123.54737
Tanzania,TZA,2001,112.9736
Tanzania,TZA,2002,96.00443
Tanzania,TZA,2003,84.73528
Tanzania,TZA,2004,73.59581
Tanzania,TZA,2005,65.50032
Tanzania,TZA,2006,59.3042
Tanzania,TZA,2007,54.53718
Tanzania,TZA,2008,52.00033
Tanzania,TZA,2009,50.00463
Tanzania,TZA,2010,48.24594
Tanzania,TZA,2011,46.00996
Tanzania,TZA,2012,43.69259
Tanzania,TZA,2013,44.14699
Tanzania,TZA,2014,44.03857
Tanzania,TZA,2015,43.61585
Tanzania,TZA,2016,43.54452
Tanzania,TZA,2017,42.39072
Tanzania,TZA,2018,41.79345
Tanzania,TZA,2019,41.25261
Tanzania,TZA,2020,41.26764
Tanzania,TZA,2021,40.55303
Thailand,THA,2000,5.22247
Thailand,THA,2001,3.51046
Thailand,THA,2002,2.9622
Thailand,THA,2003,1.65961
Thailand,THA,2004,1.85582
Thailand,THA,2005,1.289
Thailand,THA,2006,0.89791
Thailand,THA,2007,0.76492
Thailand,THA,2008,0.79053
Thailand,THA,2009,0.54397
Thailand,THA,2010,0.61752
Thailand,THA,2011,0.32978
Thailand,THA,2012,0.28194
Thailand,THA,2013,0.35597
Thailand,THA,2014,0.28624
Thailand,THA,2015,0.24739
Thailand,THA,2016,0.20152
Thailand,THA,2017,0.11149
Thailand,THA,2018,0.11113
Thailand,THA,2019,0.09607
Thailand,THA,2020,0.02212
Thailand,THA,2021,0
Togo,TGO,2000,103.37388
Togo,TGO,2001,102.42106
Togo,TGO,2002,108.35859
Togo,TGO,2003,110.27484
Togo,TGO,2004,116.74296
Togo,TGO,2005,119.80887
Togo,TGO,2006,112.79757
Togo,TGO,2007,99.90844
Togo,TGO,2008,80.09666
Togo,TGO,2009,66.46742
Togo,TGO,2010,61.56557
Togo,TGO,2011,60.39707
Togo,TGO,2012,65.34197
Togo,TGO,2013,72.30276
Togo,TGO,2014,73.48681
Togo,TGO,2015,69.27394
Togo,TGO,2016,57.61384
Togo,TGO,2017,48.30127
Togo,TGO,2018,45.5716
Togo,TGO,2019,44.92245
Togo,TGO,2020,44.35848
Togo,TGO,2021,42.97367
Turkey,TUR,2000,0
Turkey,TUR,2001,0
Turkey,TUR,2002,0
Turkey,TUR,2003,0
Turkey,TUR,2004,0
Turkey,TUR,2005,0
Turkey,TUR,2006,0
Turkey,TUR,2007,0
Turkey,TUR,2008,0
Turkey,TUR,2009,0
Turkey,TUR,2010,0
Turkey,TUR,2011,0
Turkey,TUR,2012,0
Turkey,TUR,2013,0
Turkey,TUR,2014,0
Turkey,TUR,2015,0
Turkey,TUR,2016,0
Turkey,TUR,2017,0
Turkey,TUR,2018,0
Turkey,TUR,2019,0
Turkey,TUR,2021,0
Turkmenistan,TKM,2000,0
Turkmenistan,TKM,2001,0
Turkmenistan,TKM,2002,0
Turkmenistan,TKM,2003,0
Turkmenistan,TKM,2004,0
Turkmenistan,TKM,2005,0
Turkmenistan,TKM,2006,0
Turkmenistan,TKM,2007,0
Turkmenistan,TKM,2008,0
Turkmenistan,TKM,2009,0
Turkmenistan,TKM,2010,0
Turkmenistan,TKM,2011,0
Turkmenistan,TKM,2012,0
Turkmenistan,TKM,2013,0
Turkmenistan,TKM,2014,0
Turkmenistan,TKM,2015,0
Turkmenistan,TKM,2016,0
Turkmenistan,TKM,2017,0
Turkmenistan,TKM,2018,0
Turkmenistan,TKM,2019,0
Turkmenistan,TKM,2021,0
Uganda,UGA,2000,186.03957
Uganda,UGA,2001,206.22836
Uganda,UGA,2002,189.80946
Uganda,UGA,2003,166.2965
Uganda,UGA,2004,138.76772
Uganda,UGA,2005,104.25244
Uganda,UGA,2006,88.30778
Uganda,UGA,2007,82.82876
Uganda,UGA,2008,88.26326
Uganda,UGA,2009,91.78506
Uganda,UGA,2010,83.21448
Uganda,UGA,2011,70.89796
Uganda,UGA,2012,57.09401
Uganda,UGA,2013,45.18397
Uganda,UGA,2014,41.68806
Uganda,UGA,2015,41.90264
Uganda,UGA,2016,47.72855
Uganda,UGA,2017,51.23721
Uganda,UGA,2018,41.22326
Uganda,UGA,2019,40.23835
Uganda,UGA,2020,45.66868
Uganda,UGA,2021,42.88196
United Arab Emirates,ARE,2012,0
United Arab Emirates,ARE,2013,0
United Arab Emirates,ARE,2014,0
United Arab Emirates,ARE,2015,0
United Arab Emirates,ARE,2016,0
United Arab Emirates,ARE,2017,0
United Arab Emirates,ARE,2018,0
United Arab Emirates,ARE,2019,0
United Arab Emirates,ARE,2020,0
United Arab Emirates,ARE,2021,0
Uzbekistan,UZB,2000,0
Uzbekistan,UZB,2001,0
Uzbekistan,UZB,2002,0
Uzbekistan,UZB,2003,0
Uzbekistan,UZB,2004,0
Uzbekistan,UZB,2005,0
Uzbekistan,UZB,2006,0
Uzbekistan,UZB,2007,0
Uzbekistan,UZB,2008,0
Uzbekistan,UZB,2009,0
Uzbekistan,UZB,2010,0
Uzbekistan,UZB,2011,0
Uzbekistan,UZB,2012,0
Uzbekistan,UZB,2013,0
Uzbekistan,UZB,2014,0
Uzbekistan,UZB,2015,0
Uzbekistan,UZB,2016,0
Uzbekistan,UZB,2017,0
Uzbekistan,UZB,2018,0
Uzbekistan,UZB,2019,0
Uzbekistan,UZB,2021,0
Vanuatu,VUT,2000,17.70151
Vanuatu,VUT,2001,12.18064
Vanuatu,VUT,2002,25.72665
Vanuatu,VUT,2003,32.80935
Vanuatu,VUT,2004,21.65501
Vanuatu,VUT,2005,16.08219
Vanuatu,VUT,2006,13.45756
Vanuatu,VUT,2007,15.76562
Vanuatu,VUT,2008,15.81521
Vanuatu,VUT,2009,9.17856
Vanuatu,VUT,2010,11.00007
Vanuatu,VUT,2011,5.57116
Vanuatu,VUT,2012,0
Vanuatu,VUT,2013,0
Vanuatu,VUT,2014,0
Vanuatu,VUT,2015,0
Vanuatu,VUT,2016,0
Vanuatu,VUT,2017,0
Vanuatu,VUT,2018,0
Vanuatu,VUT,2019,0
Vanuatu,VUT,2020,0
Vanuatu,VUT,2021,0
Venezuela,VEN,2000,0.21287
Venezuela,VEN,2001,0.12058
Venezuela,VEN,2002,0.15001
Venezuela,VEN,2003,0.20945
Venezuela,VEN,2004,0.2364
Venezuela,VEN,2005,0.25498
Venezuela,VEN,2006,0.24352
Venezuela,VEN,2007,0.26885
Venezuela,VEN,2008,0.18615
Venezuela,VEN,2009,0.25417
Venezuela,VEN,2010,0.36914
Venezuela,VEN,2011,0.32307
Venezuela,VEN,2012,0.38004
Venezuela,VEN,2013,0.7038
Venezuela,VEN,2014,0.72864
Venezuela,VEN,2015,0.98265
Venezuela,VEN,2016,1.69803
Venezuela,VEN,2017,2.77456
Venezuela,VEN,2018,2.5012
Venezuela,VEN,2019,2.42306
Venezuela,VEN,2020,1.3759
Venezuela,VEN,2021,1.10639
Vietnam,VNM,2000,0.72308
Vietnam,VNM,2001,0.64599
Vietnam,VNM,2002,0.45598
Vietnam,VNM,2003,0.32808
Vietnam,VNM,2004,0.18957
Vietnam,VNM,2005,0.12893
Vietnam,VNM,2006,0.1487
Vietnam,VNM,2007,0.08484
Vietnam,VNM,2008,0.05865
Vietnam,VNM,2009,0.07374
Vietnam,VNM,2010,0.06985
Vietnam,VNM,2011,0.05529
Vietnam,VNM,2012,0.0623
Vietnam,VNM,2013,0.05111
Vietnam,VNM,2014,0.04313
Vietnam,VNM,2015,0.02355
Vietnam,VNM,2016,0.0102
Vietnam,VNM,2017,0.01299
Vietnam,VNM,2018,0.00858
Vietnam,VNM,2019,0.0085
Vietnam,VNM,2020,0.00281
Vietnam,VNM,2021,0
Western Pacific (WHO),,2000,0.94115
Western Pacific (WHO),,2001,0.79983
Western Pacific (WHO),,2002,0.70049
Western Pacific (WHO),,2003,0.75173
Western Pacific (WHO),,2004,0.83219
Western Pacific (WHO),,2005,0.66011
Western Pacific (WHO),,2006,0.71037
Western Pacific (WHO),,2007,0.55656
Western Pacific (WHO),,2008,0.50902
Western Pacific (WHO),,2009,0.66992
Western Pacific (WHO),,2010,0.49155
Western Pacific (WHO),,2011,0.41888
Western Pacific (WHO),,2012,0.48114
Western Pacific (WHO),,2013,0.54563
Western Pacific (WHO),,2014,0.51695
Western Pacific (WHO),,2015,0.33186
Western Pacific (WHO),,2016,0.39644
Western Pacific (WHO),,2017,0.4058
Western Pacific (WHO),,2018,0.39676
Western Pacific (WHO),,2019,0.33657
Western Pacific (WHO),,2020,0.41314
Western Pacific (WHO),,2021,0.34589
World,OWID_WRL,2000,30.08824
World,OWID_WRL,2001,29.28039
World,OWID_WRL,2002,27.40522
World,OWID_WRL,2003,26.24919
World,OWID_WRL,2004,25.23379
World,OWID_WRL,2005,24.07331
World,OWID_WRL,2006,23.29471
World,OWID_WRL,2007,22.31746
World,OWID_WRL,2008,21.36014
World,OWID_WRL,2009,20.68929
World,OWID_WRL,2010,19.86707
World,OWID_WRL,2011,18.33385
World,OWID_WRL,2012,17.00421
World,OWID_WRL,2013,16.20493
World,OWID_WRL,2014,15.46687
World,OWID_WRL,2015,15.04465
World,OWID_WRL,2016,14.90388
World,OWID_WRL,2017,14.8624
World,OWID_WRL,2018,14.14175
World,OWID_WRL,2019,13.97925
World,OWID_WRL,2020,15.14849
World,OWID_WRL,2021,14.82107
Yemen,YEM,2000,22.11436
Yemen,YEM,2001,23.99092
Yemen,YEM,2002,25.90012
Yemen,YEM,2003,22.77176
Yemen,YEM,2004,17.88701
Yemen,YEM,2005,18.15092
Yemen,YEM,2006,21.37393
Yemen,YEM,2007,14.50253
Yemen,YEM,2008,9.0488
Yemen,YEM,2009,11.48308
Yemen,YEM,2010,17.96537
Yemen,YEM,2011,12.26816
Yemen,YEM,2012,12.99481
Yemen,YEM,2013,10.26606
Yemen,YEM,2014,8.37194
Yemen,YEM,2015,7.11986
Yemen,YEM,2016,8.90665
Yemen,YEM,2017,9.73984
Yemen,YEM,2018,11.13783
Yemen,YEM,2019,10.36444
Yemen,YEM,2020,9.75297
Yemen,YEM,2021,11.54538
Zambia,ZMB,2000,126.22413
Zambia,ZMB,2001,123.32265
Zambia,ZMB,2002,104.49841
Zambia,ZMB,2003,92.77565
Zambia,ZMB,2004,78.28896
Zambia,ZMB,2005,66.59824
Zambia,ZMB,2006,59.45755
Zambia,ZMB,2007,54.56346
Zambia,ZMB,2008,52.03468
Zambia,ZMB,2009,50.4577
Zambia,ZMB,2010,48.39732
Zambia,ZMB,2011,49.39781
Zambia,ZMB,2012,50.58103
Zambia,ZMB,2013,52.34009
Zambia,ZMB,2014,53.27939
Zambia,ZMB,2015,50.65783
Zambia,ZMB,2016,48.33084
Zambia,ZMB,2017,46.31157
Zambia,ZMB,2018,45.45329
Zambia,ZMB,2019,44.85194
Zambia,ZMB,2020,46.7357
Zambia,ZMB,2021,45.2213
Zimbabwe,ZWE,2000,27.10608
Zimbabwe,ZWE,2001,27.11369
Zimbabwe,ZWE,2002,27.11658
Zimbabwe,ZWE,2003,27.11163
Zimbabwe,ZWE,2004,27.10999
Zimbabwe,ZWE,2005,27.11378
Zimbabwe,ZWE,2006,27.10786
Zimbabwe,ZWE,2007,44.12524
Zimbabwe,ZWE,2008,17.83965
Zimbabwe,ZWE,2009,19.5805
Zimbabwe,ZWE,2010,27.79321
Zimbabwe,ZWE,2011,18.01722
Zimbabwe,ZWE,2012,14.51346
Zimbabwe,ZWE,2013,20.71407
Zimbabwe,ZWE,2014,25.64527
Zimbabwe,ZWE,2015,24.50211
Zimbabwe,ZWE,2016,17.10829
Zimbabwe,ZWE,2017,29.47807
Zimbabwe,ZWE,2018,13.70176
Zimbabwe,ZWE,2019,16.56655
Zimbabwe,ZWE,2020,23.91659
Zimbabwe,ZWE,2021,6.95584