Entity,Code,Year,"Incidence of malaria (per 1,000 population at risk)"
Afghanistan,AFG,2000,87.15783
Afghanistan,AFG,2001,86.51306
Afghanistan,AFG,2002,85.43611
Afghanistan,AFG,2003,71.205925
Afghanistan,AFG,2004,39.49004
Afghanistan,AFG,2005,28.45801
Afghanistan,AFG,2006,21.324848
Afghanistan,AFG,2007,22.669247
Afghanistan,AFG,2008,19.779188
Afghanistan,AFG,2009,13.026799
Afghanistan,AFG,2010,13.439026
Afghanistan,AFG,2011,16.07054
Afghanistan,AFG,2012,9.39594
Afghanistan,AFG,2013,11.5017605
Afghanistan,AFG,2014,12.655335
Afghanistan,AFG,2015,14.153339
Afghanistan,AFG,2016,27.462986
Afghanistan,AFG,2017,29.077026
Afghanistan,AFG,2018,22.402147
Afghanistan,AFG,2019,14.202538
Afghanistan,AFG,2020,8.427045
Afghanistan,AFG,2021,6.2516284
Algeria,DZA,2000,0.01880842
Algeria,DZA,2001,0.003273778
Algeria,DZA,2002,0.0053831916
Algeria,DZA,2003,0.0026553909
Algeria,DZA,2004,0.0010473134
Algeria,DZA,2005,0.00051656226
Algeria,DZA,2006,0.00050917116
Algeria,DZA,2007,0.013024682
Algeria,DZA,2008,0.0014773834
Algeria,DZA,2009,0
Algeria,DZA,2010,0.00047478848
Algeria,DZA,2011,0.00046586012
Algeria,DZA,2012,0.025129244
Algeria,DZA,2013,0.0035839789
Algeria,DZA,2014,0
Algeria,DZA,2015,0
Algeria,DZA,2016,0
Algeria,DZA,2017,0
Algeria,DZA,2018,0
Algeria,DZA,2019,0
Algeria,DZA,2020,0
Algeria,DZA,2021,0
Angola,AGO,2000,325.7036
Angola,AGO,2001,326.6507
Angola,AGO,2002,309.12094
Angola,AGO,2003,313.731
Angola,AGO,2004,313.73257
Angola,AGO,2005,316.02213
Angola,AGO,2006,301.36295
Angola,AGO,2007,274.3327
Angola,AGO,2008,233.454
Angola,AGO,2009,196.81268
Angola,AGO,2010,172.71906
Angola,AGO,2011,157.17276
Angola,AGO,2012,154.21632
Angola,AGO,2013,160.69835
Angola,AGO,2014,166.77966
Angola,AGO,2015,176.68355
Angola,AGO,2016,189.45218
Angola,AGO,2017,208.94876
Angola,AGO,2018,214.24721
Angola,AGO,2019,227.25374
Angola,AGO,2020,251.58232
Angola,AGO,2021,254.87312
Argentina,ARG,2000,2.373849
Argentina,ARG,2001,1.1472663
Argentina,ARG,2002,0.6598918
Argentina,ARG,2003,0.64789176
Argentina,ARG,2004,0.59997
Argentina,ARG,2005,1.1824808
Argentina,ARG,2006,0.8713979
Argentina,ARG,2007,1.6450998
Argentina,ARG,2008,0.5214334
Argentina,ARG,2009,0.452264
Argentina,ARG,2010,0.26277372
Argentina,ARG,2011,0
Argentina,ARG,2012,0
Argentina,ARG,2013,0
Argentina,ARG,2014,0
Argentina,ARG,2015,0
Argentina,ARG,2016,0
Argentina,ARG,2017,0
Argentina,ARG,2018,0
Argentina,ARG,2019,0
Argentina,ARG,2020,0
Armenia,ARM,2000,0.044500228
Armenia,ARM,2001,0.025214378
Armenia,ARM,2002,0.016746983
Armenia,ARM,2003,0.009403061
Armenia,ARM,2004,0.015330695
Armenia,ARM,2005,0.0022971563
Armenia,ARM,2007,0
Armenia,ARM,2008,0
Armenia,ARM,2010,0
Armenia,ARM,2012,0
Armenia,ARM,2014,0
Armenia,ARM,2015,0
Armenia,ARM,2016,0
Armenia,ARM,2017,0
Armenia,ARM,2018,0
Armenia,ARM,2019,0
Azerbaijan,AZE,2000,8.100777
Azerbaijan,AZE,2001,5.533215
Azerbaijan,AZE,2002,2.6225865
Azerbaijan,AZE,2003,2.4661798
Azerbaijan,AZE,2004,1.9614718
Azerbaijan,AZE,2005,1.2155124
Azerbaijan,AZE,2006,0.69955397
Azerbaijan,AZE,2007,0.5288855
Azerbaijan,AZE,2008,0.34783784
Azerbaijan,AZE,2009,0.3718695
Azerbaijan,AZE,2010,0.23534395
Azerbaijan,AZE,2011,0.018582439
Azerbaijan,AZE,2012,0.013750871
Azerbaijan,AZE,2013,0
Azerbaijan,AZE,2014,0
Azerbaijan,AZE,2015,0
Azerbaijan,AZE,2016,0
Azerbaijan,AZE,2017,0
Azerbaijan,AZE,2018,0
Azerbaijan,AZE,2019,0
Bangladesh,BGD,2000,6.810749
Bangladesh,BGD,2001,6.8108077
Bangladesh,BGD,2002,6.8107753
Bangladesh,BGD,2003,6.810786
Bangladesh,BGD,2004,6.810815
Bangladesh,BGD,2005,6.810767
Bangladesh,BGD,2006,4.4689016
Bangladesh,BGD,2007,8.190045
Bangladesh,BGD,2008,7.7407312
Bangladesh,BGD,2009,5.1094165
Bangladesh,BGD,2010,4.343497
Bangladesh,BGD,2011,3.9271457
Bangladesh,BGD,2012,2.1630387
Bangladesh,BGD,2013,1.9075207
Bangladesh,BGD,2014,3.9518158
Bangladesh,BGD,2015,2.6796753
Bangladesh,BGD,2016,1.8403953
Bangladesh,BGD,2017,1.9158274
Bangladesh,BGD,2018,0.7043376
Bangladesh,BGD,2019,1.1912602
Bangladesh,BGD,2020,0.41910207
Bangladesh,BGD,2021,0.49278238
Belize,BLZ,2000,8.958283
Belize,BLZ,2001,6.7878194
Belize,BLZ,2002,6.420164
Belize,BLZ,2003,7.2684155
Belize,BLZ,2004,5.677219
Belize,BLZ,2005,8.006906
Belize,BLZ,2006,4.236459
Belize,BLZ,2007,4.1209664
Belize,BLZ,2008,2.5603094
Belize,BLZ,2009,1.180937
Belize,BLZ,2010,0.67490655
Belize,BLZ,2011,0.31664914
Belize,BLZ,2012,0.14189276
Belize,BLZ,2013,0.08409227
Belize,BLZ,2014,0.0781536
Belize,BLZ,2015,0.036245015
Belize,BLZ,2016,0.015782516
Belize,BLZ,2017,0.027075324
Belize,BLZ,2018,0.011379801
Belize,BLZ,2019,0
Belize,BLZ,2020,0
Belize,BLZ,2021,0
Benin,BEN,2000,412.44635
Benin,BEN,2001,430.84586
Benin,BEN,2002,453.70148
Benin,BEN,2003,470.19562
Benin,BEN,2004,488.90186
Benin,BEN,2005,494.03867
Benin,BEN,2006,492.79578
Benin,BEN,2007,488.00702
Benin,BEN,2008,469.76764
Benin,BEN,2009,439.5762
Benin,BEN,2010,408.96396
Benin,BEN,2011,380.81302
Benin,BEN,2012,364.56418
Benin,BEN,2013,364.1177
Benin,BEN,2014,369.02277
Benin,BEN,2015,389.70728
Benin,BEN,2016,419.33023
Benin,BEN,2017,420.50333
Benin,BEN,2018,408.06686
Benin,BEN,2019,401.71478
Benin,BEN,2020,378.15427
Benin,BEN,2021,383.45065
Bhutan,BTN,2000,13.658341
Bhutan,BTN,2001,13.400747
Bhutan,BTN,2002,14.213209
Bhutan,BTN,2003,8.104373
Bhutan,BTN,2004,5.5510163
Bhutan,BTN,2005,3.717972
Bhutan,BTN,2006,3.7494078
Bhutan,BTN,2007,1.5721836
Bhutan,BTN,2008,0.64458615
Bhutan,BTN,2009,2.0473347
Bhutan,BTN,2010,0.8351194
Bhutan,BTN,2011,0.3675189
Bhutan,BTN,2012,0.15365963
Bhutan,BTN,2013,0.027809862
Bhutan,BTN,2014,0.034868527
Bhutan,BTN,2015,0.06181571
Bhutan,BTN,2016,0.02703565
Bhutan,BTN,2017,0.019659393
Bhutan,BTN,2018,0.010639222
Bhutan,BTN,2019,0.003521629
Bhutan,BTN,2020,0.03848482
Bhutan,BTN,2021,0.015642952
Bolivia,BOL,2000,11.709673
Bolivia,BOL,2001,5.627754
Bolivia,BOL,2002,4.8955812
Bolivia,BOL,2003,6.709077
Bolivia,BOL,2004,4.832643
Bolivia,BOL,2005,6.4161887
Bolivia,BOL,2006,5.946107
Bolivia,BOL,2007,4.4939938
Bolivia,BOL,2008,2.946998
Bolivia,BOL,2009,2.9263287
Bolivia,BOL,2010,4.023079
Bolivia,BOL,2011,2.052385
Bolivia,BOL,2012,2.095449
Bolivia,BOL,2013,2.237617
Bolivia,BOL,2014,2.2197952
Bolivia,BOL,2015,1.851433
Bolivia,BOL,2016,1.4697559
Bolivia,BOL,2017,1.1941115
Bolivia,BOL,2018,1.374745
Bolivia,BOL,2019,2.3683262
Bolivia,BOL,2020,3.0481555
Bolivia,BOL,2021,2.7244058
Botswana,BWA,2000,16.72204
Botswana,BWA,2001,6.5900536
Botswana,BWA,2002,3.0778022
Botswana,BWA,2003,1.5373527
Botswana,BWA,2004,0.9873951
Botswana,BWA,2005,1.1682271
Botswana,BWA,2006,3.754618
Botswana,BWA,2007,0.9907474
Botswana,BWA,2008,1.8462398
Botswana,BWA,2009,2.0015547
Botswana,BWA,2010,1.6073773
Botswana,BWA,2011,0.4820391
Botswana,BWA,2012,0.21077986
Botswana,BWA,2013,0.49319392
Botswana,BWA,2014,1.3853078
Botswana,BWA,2015,0.29771993
Botswana,BWA,2016,0.6315706
Botswana,BWA,2017,1.8419075
Botswana,BWA,2018,0.49715889
Botswana,BWA,2019,0.15628281
Botswana,BWA,2020,1.0519999
Botswana,BWA,2021,0.6217688
Brazil,BRA,2000,21.308392
Brazil,BRA,2001,12.9119005
Brazil,BRA,2002,11.114518
Brazil,BRA,2003,12.560129
Brazil,BRA,2004,13.7802305
Brazil,BRA,2005,17.359665
Brazil,BRA,2006,15.2406435
Brazil,BRA,2007,13.801716
Brazil,BRA,2008,8.582785
Brazil,BRA,2009,8.328247
Brazil,BRA,2010,9.784906
Brazil,BRA,2011,7.0597215
Brazil,BRA,2012,6.3577285
Brazil,BRA,2013,4.827383
Brazil,BRA,2014,3.5494142
Brazil,BRA,2015,3.9514124
Brazil,BRA,2016,3.1439428
Brazil,BRA,2017,5.2192593
Brazil,BRA,2018,5.1287723
Brazil,BRA,2019,4.1554317
Brazil,BRA,2020,3.8613088
Brazil,BRA,2021,3.7238019
Burkina Faso,BFA,2000,599.3174
Burkina Faso,BFA,2001,599.7482
Burkina Faso,BFA,2002,594.74927
Burkina Faso,BFA,2003,584.46356
Burkina Faso,BFA,2004,561.2775
Burkina Faso,BFA,2005,530.6522
Burkina Faso,BFA,2006,513.2121
Burkina Faso,BFA,2007,521.35205
Burkina Faso,BFA,2008,551.824
Burkina Faso,BFA,2009,570.7757
Burkina Faso,BFA,2010,570.4729
Burkina Faso,BFA,2011,556.6615
Burkina Faso,BFA,2012,535.21515
Burkina Faso,BFA,2013,488.77414
Burkina Faso,BFA,2014,447.60635
Burkina Faso,BFA,2015,419.2821
Burkina Faso,BFA,2016,374.3211
Burkina Faso,BFA,2017,357.61417
Burkina Faso,BFA,2018,357.02563
Burkina Faso,BFA,2019,356.66324
Burkina Faso,BFA,2020,377.40213
Burkina Faso,BFA,2021,376.77182
Burundi,BDI,2000,448.43958
Burundi,BDI,2001,435.7869
Burundi,BDI,2002,417.77228
Burundi,BDI,2003,393.46213
Burundi,BDI,2004,344.55704
Burundi,BDI,2005,312.23093
Burundi,BDI,2006,282.30417
Burundi,BDI,2007,238.03474
Burundi,BDI,2008,204.73431
Burundi,BDI,2009,175.95403
Burundi,BDI,2010,169.24245
Burundi,BDI,2011,165.06134
Burundi,BDI,2012,166.29294
Burundi,BDI,2013,175.2268
Burundi,BDI,2014,182.62686
Burundi,BDI,2015,199.9152
Burundi,BDI,2016,231.69286
Burundi,BDI,2017,250.53172
Burundi,BDI,2018,288.4996
Burundi,BDI,2019,298.87213
Burundi,BDI,2020,303.4378
Burundi,BDI,2021,291.44473
Cambodia,KHM,2000,78.072784
Cambodia,KHM,2001,44.54569
Cambodia,KHM,2002,39.286934
Cambodia,KHM,2003,51.407887
Cambodia,KHM,2004,43.790543
Cambodia,KHM,2005,41.493614
Cambodia,KHM,2006,45.950993
Cambodia,KHM,2007,19.709839
Cambodia,KHM,2008,21.791246
Cambodia,KHM,2009,42.580727
Cambodia,KHM,2010,34.780647
Cambodia,KHM,2011,35.709583
Cambodia,KHM,2012,24.865345
Cambodia,KHM,2013,15.913647
Cambodia,KHM,2014,22.352924
Cambodia,KHM,2015,20.071047
Cambodia,KHM,2016,11.234576
Cambodia,KHM,2017,18.105448
Cambodia,KHM,2018,24.024944
Cambodia,KHM,2019,12.22069
Cambodia,KHM,2020,3.7376802
Cambodia,KHM,2021,1.6250141
Cameroon,CMR,2000,406.43692
Cameroon,CMR,2001,414.48694
Cameroon,CMR,2002,410.36676
Cameroon,CMR,2003,422.5551
Cameroon,CMR,2004,430.23306
Cameroon,CMR,2005,422.40436
Cameroon,CMR,2006,406.8697
Cameroon,CMR,2007,385.22916
Cameroon,CMR,2008,350.1276
Cameroon,CMR,2009,307.28702
Cameroon,CMR,2010,286.1517
Cameroon,CMR,2011,266.57407
Cameroon,CMR,2012,257.64606
Cameroon,CMR,2013,262.00323
Cameroon,CMR,2014,261.23712
Cameroon,CMR,2015,260.55392
Cameroon,CMR,2016,258.3875
Cameroon,CMR,2017,252.17352
Cameroon,CMR,2018,247.99707
Cameroon,CMR,2019,242.26074
Cameroon,CMR,2020,249.18456
Cameroon,CMR,2021,245.0843
Cape Verde,CPV,2000,1.2086114
Cape Verde,CPV,2001,0.88320994
Cape Verde,CPV,2002,0.6176853
Cape Verde,CPV,2003,0.5447714
Cape Verde,CPV,2004,0.35570028
Cape Verde,CPV,2005,0.5306903
Cape Verde,CPV,2006,0.6167652
Cape Verde,CPV,2007,0.13716376
Cape Verde,CPV,2008,0.26377866
Cape Verde,CPV,2009,0.48483944
Cape Verde,CPV,2010,0.34682506
Cape Verde,CPV,2011,0.051037148
Cape Verde,CPV,2012,0.007204403
Cape Verde,CPV,2013,0.15671301
Cape Verde,CPV,2014,0.18312567
Cape Verde,CPV,2015,0.04875908
Cape Verde,CPV,2016,0.3375074
Cape Verde,CPV,2017,2.879745
Cape Verde,CPV,2018,0.013466925
Cape Verde,CPV,2019,0
Cape Verde,CPV,2020,0
Cape Verde,CPV,2021,0
Central African Republic,CAF,2000,441.96426
Central African Republic,CAF,2001,433.93634
Central African Republic,CAF,2002,434.42502
Central African Republic,CAF,2003,438.87396
Central African Republic,CAF,2004,446.47128
Central African Republic,CAF,2005,444.80585
Central African Republic,CAF,2006,440.10468
Central African Republic,CAF,2007,432.30496
Central African Republic,CAF,2008,422.8061
Central African Republic,CAF,2009,409.57684
Central African Republic,CAF,2010,395.60178
Central African Republic,CAF,2011,385.812
Central African Republic,CAF,2012,377.7249
Central African Republic,CAF,2013,371.19028
Central African Republic,CAF,2014,362.6548
Central African Republic,CAF,2015,346.44287
Central African Republic,CAF,2016,334.1203
Central African Republic,CAF,2017,328.6994
Central African Republic,CAF,2018,324.6672
Central African Republic,CAF,2019,322.87274
Central African Republic,CAF,2020,335.99448
Central African Republic,CAF,2021,334.70767
Chad,TCD,2000,270.00845
Chad,TCD,2001,271.3538
Chad,TCD,2002,236.42943
Chad,TCD,2003,230.90997
Chad,TCD,2004,224.3665
Chad,TCD,2005,225.60083
Chad,TCD,2006,228.45107
Chad,TCD,2007,228.65778
Chad,TCD,2008,229.73476
Chad,TCD,2009,236.37238
Chad,TCD,2010,236.10373
Chad,TCD,2011,220.05206
Chad,TCD,2012,204.63104
Chad,TCD,2013,192.50098
Chad,TCD,2014,190.799
Chad,TCD,2015,191.75702
Chad,TCD,2016,194.8657
Chad,TCD,2017,198.49461
Chad,TCD,2018,208.38705
Chad,TCD,2019,205.51155
Chad,TCD,2020,208.5621
Chad,TCD,2021,206.3622
China,CHN,2000,0.015179559
China,CHN,2001,0.03989779
China,CHN,2002,0.047637813
China,CHN,2003,0.0528558
China,CHN,2004,0.050146148
China,CHN,2005,0.040195696
China,CHN,2006,0.06443124
China,CHN,2007,0.053021327
China,CHN,2008,0.029929759
China,CHN,2009,0.016582474
China,CHN,2010,0.008850019
China,CHN,2011,0.002304584
China,CHN,2012,0.00042692941
China,CHN,2013,0.00014421923
China,CHN,2014,0.00009148752
China,CHN,2015,0.000066909175
China,CHN,2016,0.0000017056165
China,CHN,2017,0
China,CHN,2018,0
China,CHN,2019,0
China,CHN,2020,0
Colombia,COL,2000,24.271358
Colombia,COL,2001,37.75908
Colombia,COL,2002,32.53998
Colombia,COL,2003,27.968172
Colombia,COL,2004,21.415735
Colombia,COL,2005,17.85533
Colombia,COL,2006,17.468515
Colombia,COL,2007,18.063978
Colombia,COL,2008,11.336385
Colombia,COL,2009,11.268868
Colombia,COL,2010,16.58604
Colombia,COL,2011,8.985203
Colombia,COL,2012,8.304846
Colombia,COL,2013,7.067376
Colombia,COL,2014,5.5180798
Colombia,COL,2015,8.132893
Colombia,COL,2016,10.958933
Colombia,COL,2017,7.5634007
Colombia,COL,2018,8.600544
Colombia,COL,2019,10.778607
Colombia,COL,2020,9.400526
Colombia,COL,2021,8.979898
Comoros,COM,2000,66.331566
Comoros,COM,2001,65.03621
Comoros,COM,2002,63.781757
Comoros,COM,2003,62.54363
Comoros,COM,2004,61.310772
Comoros,COM,2005,60.09283
Comoros,COM,2006,58.887833
Comoros,COM,2007,57.693398
Comoros,COM,2008,56.50309
Comoros,COM,2009,55.322002
Comoros,COM,2010,55.696133
Comoros,COM,2011,37.094578
Comoros,COM,2012,72.80663
Comoros,COM,2013,76.00305
Comoros,COM,2014,3.0827918
Comoros,COM,2015,1.7802951
Comoros,COM,2016,1.5316952
Comoros,COM,2017,4.240715
Comoros,COM,2018,19.561697
Comoros,COM,2019,22.249445
Comoros,COM,2020,5.639037
Comoros,COM,2021,12.824585
Congo,COG,2000,353.41556
Congo,COG,2001,350.93625
Congo,COG,2002,321.674
Congo,COG,2003,319.2113
Congo,COG,2004,317.81207
Congo,COG,2005,299.5108
Congo,COG,2006,278.96982
Congo,COG,2007,256.68695
Congo,COG,2008,231.36751
Congo,COG,2009,216.83678
Congo,COG,2010,214.31204
Congo,COG,2011,215.51886
Congo,COG,2012,216.58165
Congo,COG,2013,219.19502
Congo,COG,2014,213.12268
Congo,COG,2015,210.90295
Congo,COG,2016,217.1429
Congo,COG,2017,233.14001
Congo,COG,2018,242.95973
Congo,COG,2019,237.73999
Congo,COG,2020,228.69435
Congo,COG,2021,219.34366
Costa Rica,CRI,2000,1.3491614
Costa Rica,CRI,2001,0.96078813
Costa Rica,CRI,2002,0.7075939
Costa Rica,CRI,2003,0.48976374
Costa Rica,CRI,2004,0.8659841
Costa Rica,CRI,2005,2.3441637
Costa Rica,CRI,2006,1.8944634
Costa Rica,CRI,2007,0.7869983
Costa Rica,CRI,2008,0.61307174
Costa Rica,CRI,2009,0.16404796
Costa Rica,CRI,2010,0.06799407
Costa Rica,CRI,2011,0.006105103
Costa Rica,CRI,2012,0.0036192392
Costa Rica,CRI,2013,0
Costa Rica,CRI,2014,0
Costa Rica,CRI,2015,0
Costa Rica,CRI,2016,0.002311042
Costa Rica,CRI,2017,0.006865601
Costa Rica,CRI,2018,0.03967678
Costa Rica,CRI,2019,0.0533832
Costa Rica,CRI,2020,0.050192796
Costa Rica,CRI,2021,0.104773924
Cote d'Ivoire,CIV,2000,496.97507
Cote d'Ivoire,CIV,2001,511.36465
Cote d'Ivoire,CIV,2002,512.7921
Cote d'Ivoire,CIV,2003,511.7035
Cote d'Ivoire,CIV,2004,502.24542
Cote d'Ivoire,CIV,2005,458.2375
Cote d'Ivoire,CIV,2006,438.08478
Cote d'Ivoire,CIV,2007,438.2656
Cote d'Ivoire,CIV,2008,453.29745
Cote d'Ivoire,CIV,2009,466.4839
Cote d'Ivoire,CIV,2010,472.02997
Cote d'Ivoire,CIV,2011,462.0498
Cote d'Ivoire,CIV,2012,378.49695
Cote d'Ivoire,CIV,2013,290.76608
Cote d'Ivoire,CIV,2014,258.99368
Cote d'Ivoire,CIV,2015,239.80559
Cote d'Ivoire,CIV,2016,242.34285
Cote d'Ivoire,CIV,2017,250.68738
Cote d'Ivoire,CIV,2018,264.02045
Cote d'Ivoire,CIV,2019,274.75055
Cote d'Ivoire,CIV,2020,275.94138
Cote d'Ivoire,CIV,2021,270.8741
Democratic Republic of Congo,COD,2000,469.52374
Democratic Republic of Congo,COD,2001,469.83414
Democratic Republic of Congo,COD,2002,470.338
Democratic Republic of Congo,COD,2003,474.5093
Democratic Republic of Congo,COD,2004,481.2416
Democratic Republic of Congo,COD,2005,481.68906
Democratic Republic of Congo,COD,2006,473.91406
Democratic Republic of Congo,COD,2007,464.0551
Democratic Republic of Congo,COD,2008,444.96344
Democratic Republic of Congo,COD,2009,413.96725
Democratic Republic of Congo,COD,2010,389.91272
Democratic Republic of Congo,COD,2011,365.71906
Democratic Republic of Congo,COD,2012,345.52396
Democratic Republic of Congo,COD,2013,326.4921
Democratic Republic of Congo,COD,2014,307.50467
Democratic Republic of Congo,COD,2015,295.76355
Democratic Republic of Congo,COD,2016,297.48053
Democratic Republic of Congo,COD,2017,308.21042
Democratic Republic of Congo,COD,2018,320.87888
Democratic Republic of Congo,COD,2019,320.67468
Democratic Republic of Congo,COD,2020,324.20743
Democratic Republic of Congo,COD,2021,318.25253
Djibouti,DJI,2000,3.1107078
Djibouti,DJI,2001,3.1112
Djibouti,DJI,2002,3.1109376
Djibouti,DJI,2003,3.1104121
Djibouti,DJI,2004,3.1105695
Djibouti,DJI,2005,3.110365
Djibouti,DJI,2006,3.1111152
Djibouti,DJI,2007,3.110228
Djibouti,DJI,2008,3.1113453
Djibouti,DJI,2009,3.9748192
Djibouti,DJI,2010,1.4652015
Djibouti,DJI,2011,3.1101787
Djibouti,DJI,2012,3.1104765
Djibouti,DJI,2013,2.3108506
Djibouti,DJI,2014,12.725569
Djibouti,DJI,2015,12.553454
Djibouti,DJI,2016,18.012335
Djibouti,DJI,2017,18.80678
Djibouti,DJI,2018,31.33778
Djibouti,DJI,2019,61.33778
Djibouti,DJI,2020,88.47637
Djibouti,DJI,2021,70.49397
Dominican Republic,DOM,2000,0.32394943
Dominican Republic,DOM,2001,0.27538806
Dominican Republic,DOM,2002,0.3478159
Dominican Republic,DOM,2003,0.40360397
Dominican Republic,DOM,2004,0.61150724
Dominican Republic,DOM,2005,0.98055977
Dominican Republic,DOM,2006,0.88679785
Dominican Republic,DOM,2007,0.6715682
Dominican Republic,DOM,2008,0.45086867
Dominican Republic,DOM,2009,0.3979795
Dominican Republic,DOM,2010,0.5946499
Dominican Republic,DOM,2011,0.38275576
Dominican Republic,DOM,2012,0.22297795
Dominican Republic,DOM,2013,0.109567866
Dominican Republic,DOM,2014,0.099936545
Dominican Republic,DOM,2015,0.1357354
Dominican Republic,DOM,2016,0.1467543
Dominican Republic,DOM,2017,0.07161474
Dominican Republic,DOM,2018,0.09005258
Dominican Republic,DOM,2019,0.2656008
Dominican Republic,DOM,2020,0.16818418
Dominican Republic,DOM,2021,0.06172491
East Asia and Pacific (WB),,2000,6.106224
East Asia and Pacific (WB),,2001,5.7373443
East Asia and Pacific (WB),,2002,5.344521
East Asia and Pacific (WB),,2003,5.3680615
East Asia and Pacific (WB),,2004,5.74823
East Asia and Pacific (WB),,2005,5.3058205
East Asia and Pacific (WB),,2006,5.225177
East Asia and Pacific (WB),,2007,4.6348557
East Asia and Pacific (WB),,2008,4.7513223
East Asia and Pacific (WB),,2009,5.160561
East Asia and Pacific (WB),,2010,5.281731
East Asia and Pacific (WB),,2011,4.559434
East Asia and Pacific (WB),,2012,5.1917644
East Asia and Pacific (WB),,2013,3.8204863
East Asia and Pacific (WB),,2014,3.4588091
East Asia and Pacific (WB),,2015,2.4481344
East Asia and Pacific (WB),,2016,2.5733755
East Asia and Pacific (WB),,2017,2.2874286
East Asia and Pacific (WB),,2018,2.2911067
East Asia and Pacific (WB),,2019,2.1104667
East Asia and Pacific (WB),,2020,2.2951057
East Timor,TLS,2000,155.12071
East Timor,TLS,2001,155.1207
East Timor,TLS,2002,121.98022
East Timor,TLS,2003,77.4723
East Timor,TLS,2004,263.05734
East Timor,TLS,2005,168.64842
East Timor,TLS,2006,175.6315
East Timor,TLS,2007,119.63151
East Timor,TLS,2008,136.76146
East Timor,TLS,2009,99.913185
East Timor,TLS,2010,93.200264
East Timor,TLS,2011,29.450764
East Timor,TLS,2012,6.7878823
East Timor,TLS,2013,1.2979964
East Timor,TLS,2014,0.42446536
East Timor,TLS,2015,0.09699509
East Timor,TLS,2016,0.097246535
East Timor,TLS,2017,0.018815095
East Timor,TLS,2018,0
East Timor,TLS,2019,0
East Timor,TLS,2020,0.0032715634
East Timor,TLS,2021,0
Ecuador,ECU,2000,284.0929
Ecuador,ECU,2001,290.9371
Ecuador,ECU,2002,227.7822
Ecuador,ECU,2003,134.32802
Ecuador,ECU,2004,72.8452
Ecuador,ECU,2005,42.491364
Ecuador,ECU,2006,24.160755
Ecuador,ECU,2007,19.73041
Ecuador,ECU,2008,11.578085
Ecuador,ECU,2009,9.604194
Ecuador,ECU,2010,4.322384
Ecuador,ECU,2011,2.7453287
Ecuador,ECU,2012,1.2056738
Ecuador,ECU,2013,0.8032006
Ecuador,ECU,2014,0.52041334
Ecuador,ECU,2015,1.3094662
Ecuador,ECU,2016,2.4861758
Ecuador,ECU,2017,2.620502
Ecuador,ECU,2018,3.3337636
Ecuador,ECU,2019,3.5674996
Ecuador,ECU,2020,3.7734303
Ecuador,ECU,2021,4.1937737
Egypt,EGY,2000,0
Egypt,EGY,2001,0
Egypt,EGY,2002,0
Egypt,EGY,2003,0
Egypt,EGY,2004,0
Egypt,EGY,2005,0
Egypt,EGY,2006,0
Egypt,EGY,2007,0
Egypt,EGY,2008,0
Egypt,EGY,2009,0
Egypt,EGY,2010,0
Egypt,EGY,2011,0
Egypt,EGY,2012,0
Egypt,EGY,2013,0
Egypt,EGY,2014,0
Egypt,EGY,2015,0
Egypt,EGY,2016,0
Egypt,EGY,2017,0
Egypt,EGY,2018,0
Egypt,EGY,2019,0
Egypt,EGY,2020,0
Egypt,EGY,2021,0
El Salvador,SLV,2000,0.62253475
El Salvador,SLV,2001,0.2977995
El Salvador,SLV,2002,0.095879
El Salvador,SLV,2003,0.069475666
El Salvador,SLV,2004,0.09141088
El Salvador,SLV,2005,0.05466371
El Salvador,SLV,2006,0.040000327
El Salvador,SLV,2007,0.032600954
El Salvador,SLV,2008,0.026789542
El Salvador,SLV,2009,0.01698327
El Salvador,SLV,2010,0.0136969965
El Salvador,SLV,2011,0.005618514
El Salvador,SLV,2012,0.010393838
El Salvador,SLV,2013,0.0047782683
El Salvador,SLV,2014,0.0047598914
El Salvador,SLV,2015,0.0039528627
El Salvador,SLV,2016,0.00945736
El Salvador,SLV,2017,0
El Salvador,SLV,2018,0
El Salvador,SLV,2019,0
El Salvador,SLV,2020,0
Equatorial Guinea,GNQ,2000,311.1652
Equatorial Guinea,GNQ,2001,305.18582
Equatorial Guinea,GNQ,2002,302.2722
Equatorial Guinea,GNQ,2003,307.42035
Equatorial Guinea,GNQ,2004,319.49707
Equatorial Guinea,GNQ,2005,332.65567
Equatorial Guinea,GNQ,2006,333.5741
Equatorial Guinea,GNQ,2007,330.95633
Equatorial Guinea,GNQ,2008,309.28943
Equatorial Guinea,GNQ,2009,281.4515
Equatorial Guinea,GNQ,2010,268.06357
Equatorial Guinea,GNQ,2011,267.54517
Equatorial Guinea,GNQ,2012,287.36316
Equatorial Guinea,GNQ,2013,307.47357
Equatorial Guinea,GNQ,2014,306.63312
Equatorial Guinea,GNQ,2015,301.47745
Equatorial Guinea,GNQ,2016,283.98624
Equatorial Guinea,GNQ,2017,262.16968
Equatorial Guinea,GNQ,2018,240.03606
Equatorial Guinea,GNQ,2019,223.75664
Equatorial Guinea,GNQ,2020,220.86665
Equatorial Guinea,GNQ,2021,213.17543
Eritrea,ERI,2000,17.849203
Eritrea,ERI,2001,22.12129
Eritrea,ERI,2002,12.884781
Eritrea,ERI,2003,18.651611
Eritrea,ERI,2004,5.462264
Eritrea,ERI,2005,9.774937
Eritrea,ERI,2006,5.7074547
Eritrea,ERI,2007,12.838634
Eritrea,ERI,2008,6.9090242
Eritrea,ERI,2009,8.9679
Eritrea,ERI,2010,26.517864
Eritrea,ERI,2011,23.905323
Eritrea,ERI,2012,16.135727
Eritrea,ERI,2013,14.95859
Eritrea,ERI,2014,33.004807
Eritrea,ERI,2015,19.167631
Eritrea,ERI,2016,25.72173
Eritrea,ERI,2017,34.127254
Eritrea,ERI,2018,28.941996
Eritrea,ERI,2019,57.271343
Eritrea,ERI,2020,44.625954
Eritrea,ERI,2021,25.66022
Eswatini,SWZ,2000,2.7275436
Eswatini,SWZ,2001,4.784115
Eswatini,SWZ,2002,2.2771611
Eswatini,SWZ,2003,1.1536009
Eswatini,SWZ,2004,1.9235086
Eswatini,SWZ,2005,0.9296034
Eswatini,SWZ,2006,0.5136447
Eswatini,SWZ,2007,0.27675095
Eswatini,SWZ,2008,0.19006236
Eswatini,SWZ,2009,0.34576342
Eswatini,SWZ,2010,0.87019485
Eswatini,SWZ,2011,1.2245438
Eswatini,SWZ,2012,1.3142505
Eswatini,SWZ,2013,2.3249204
Eswatini,SWZ,2014,1.2339727
Eswatini,SWZ,2015,1.0015684
Eswatini,SWZ,2016,0.78147954
Eswatini,SWZ,2017,1.3648108
Eswatini,SWZ,2018,2.1112955
Eswatini,SWZ,2019,0.717577
Eswatini,SWZ,2020,0.70481545
Eswatini,SWZ,2021,0.9166205
Ethiopia,ETH,2000,329.4404
Ethiopia,ETH,2001,296.39957
Ethiopia,ETH,2002,260.09274
Ethiopia,ETH,2003,261.72787
Ethiopia,ETH,2004,247.5107
Ethiopia,ETH,2005,168.56444
Ethiopia,ETH,2006,154.00726
Ethiopia,ETH,2007,131.7534
Ethiopia,ETH,2008,111.68134
Ethiopia,ETH,2009,148.71928
Ethiopia,ETH,2010,170.76793
Ethiopia,ETH,2011,175.43726
Ethiopia,ETH,2012,203.40935
Ethiopia,ETH,2013,231.47757
Ethiopia,ETH,2014,211.41248
Ethiopia,ETH,2015,179.79488
Ethiopia,ETH,2016,124.615616
Ethiopia,ETH,2017,89.714226
Ethiopia,ETH,2018,36.964233
Ethiopia,ETH,2019,34.08666
Ethiopia,ETH,2020,53.05247
Ethiopia,ETH,2021,46.262165
Gabon,GAB,2000,330.43243
Gabon,GAB,2001,322.67047
Gabon,GAB,2002,293.2557
Gabon,GAB,2003,248.7003
Gabon,GAB,2004,187.82733
Gabon,GAB,2005,147.3683
Gabon,GAB,2006,134.57866
Gabon,GAB,2007,129.23045
Gabon,GAB,2008,153.18898
Gabon,GAB,2009,197.02432
Gabon,GAB,2010,233.91084
Gabon,GAB,2011,255.25473
Gabon,GAB,2012,257.9979
Gabon,GAB,2013,249.88461
Gabon,GAB,2014,240.59221
Gabon,GAB,2015,233.62141
Gabon,GAB,2016,228.33124
Gabon,GAB,2017,228.14484
Gabon,GAB,2018,227.90797
Gabon,GAB,2019,228.36964
Gabon,GAB,2020,230.20816
Gabon,GAB,2021,228.91843
Gambia,GMB,2000,312.4597
Gambia,GMB,2001,303.634
Gambia,GMB,2002,294.96533
Gambia,GMB,2003,286.38147
Gambia,GMB,2004,277.87003
Gambia,GMB,2005,269.46738
Gambia,GMB,2006,261.23917
Gambia,GMB,2007,253.24852
Gambia,GMB,2008,245.50876
Gambia,GMB,2009,238.02113
Gambia,GMB,2010,230.80048
Gambia,GMB,2011,237.14902
Gambia,GMB,2012,254.23943
Gambia,GMB,2013,202.0967
Gambia,GMB,2014,138.74754
Gambia,GMB,2015,199.9345
Gambia,GMB,2016,128.19662
Gambia,GMB,2017,62.177944
Gambia,GMB,2018,80.2318
Gambia,GMB,2019,43.834248
Gambia,GMB,2020,81.93372
Gambia,GMB,2021,80.80219
Georgia,GEO,2000,5.7442966
Georgia,GEO,2001,10.568478
Georgia,GEO,2002,11.671715
Georgia,GEO,2003,7.8650007
Georgia,GEO,2004,6.4430404
Georgia,GEO,2005,3.9130545
Georgia,GEO,2006,1.499822
Georgia,GEO,2007,0.6143764
Georgia,GEO,2008,0.15465511
Georgia,GEO,2009,0.025938991
Georgia,GEO,2010,0
Georgia,GEO,2011,0
Georgia,GEO,2012,0
Georgia,GEO,2013,0
Georgia,GEO,2014,0
Georgia,GEO,2015,0
Georgia,GEO,2016,0
Georgia,GEO,2017,0
Georgia,GEO,2018,0
Georgia,GEO,2019,0
Ghana,GHA,2000,431.10406
Ghana,GHA,2001,417.3488
Ghana,GHA,2002,392.52264
Ghana,GHA,2003,370.15073
Ghana,GHA,2004,346.5008
Ghana,GHA,2005,326.73813
Ghana,GHA,2006,317.36057
Ghana,GHA,2007,318.7352
Ghana,GHA,2008,335.86987
Ghana,GHA,2009,358.62006
Ghana,GHA,2010,374.24622
Ghana,GHA,2011,380.58127
Ghana,GHA,2012,371.48578
Ghana,GHA,2013,346.59006
Ghana,GHA,2014,314.49176
Ghana,GHA,2015,277.09476
Ghana,GHA,2016,235.27213
Ghana,GHA,2017,198.25203
Ghana,GHA,2018,172.15468
Ghana,GHA,2019,166.31831
Ghana,GHA,2020,165.11938
Ghana,GHA,2021,164.36655
Guatemala,GTM,2000,7.1871824
Guatemala,GTM,2001,4.7077093
Guatemala,GTM,2002,4.549865
Guatemala,GTM,2003,3.8789327
Guatemala,GTM,2004,3.51701
Guatemala,GTM,2005,4.715246
Guatemala,GTM,2006,3.6156979
Guatemala,GTM,2007,1.7400655
Guatemala,GTM,2008,0.79794437
Guatemala,GTM,2009,0.7696442
Guatemala,GTM,2010,0.8623821
Guatemala,GTM,2011,0.7115512
Guatemala,GTM,2012,0.54830456
Guatemala,GTM,2013,0.6254469
Guatemala,GTM,2014,0.4858962
Guatemala,GTM,2015,0.5366092
Guatemala,GTM,2016,0.47624066
Guatemala,GTM,2017,0.3860779
Guatemala,GTM,2018,0.27836883
Guatemala,GTM,2019,0.18801424
Guatemala,GTM,2020,0.094678886
Guatemala,GTM,2021,0.11231478
Guinea,GIN,2000,433.73782
Guinea,GIN,2001,431.1518
Guinea,GIN,2002,414.67395
Guinea,GIN,2003,394.18787
Guinea,GIN,2004,365.74063
Guinea,GIN,2005,343.95392
Guinea,GIN,2006,337.93246
Guinea,GIN,2007,345.4406
Guinea,GIN,2008,369.36935
Guinea,GIN,2009,399.49017
Guinea,GIN,2010,420.64264
Guinea,GIN,2011,433.6754
Guinea,GIN,2012,435.32535
Guinea,GIN,2013,413.25766
Guinea,GIN,2014,393.57703
Guinea,GIN,2015,378.6935
Guinea,GIN,2016,360.23077
Guinea,GIN,2017,357.5933
Guinea,GIN,2018,359.09174
Guinea,GIN,2019,343.69174
Guinea,GIN,2020,334.45844
Guinea,GIN,2021,330.89847
Guinea-Bissau,GNB,2000,403.48654
Guinea-Bissau,GNB,2001,326.1687
Guinea-Bissau,GNB,2002,251.44476
Guinea-Bissau,GNB,2003,183.13188
Guinea-Bissau,GNB,2004,123.65396
Guinea-Bissau,GNB,2005,95.25822
Guinea-Bissau,GNB,2006,78.612335
Guinea-Bissau,GNB,2007,77.86997
Guinea-Bissau,GNB,2008,90.21178
Guinea-Bissau,GNB,2009,108.870766
Guinea-Bissau,GNB,2010,126.87179
Guinea-Bissau,GNB,2011,131.82147
Guinea-Bissau,GNB,2012,128.89018
Guinea-Bissau,GNB,2013,123.04146
Guinea-Bissau,GNB,2014,107.01717
Guinea-Bissau,GNB,2015,90.22264
Guinea-Bissau,GNB,2016,75.85176
Guinea-Bissau,GNB,2017,65.05443
Guinea-Bissau,GNB,2018,65.27581
Guinea-Bissau,GNB,2019,74.59488
Guinea-Bissau,GNB,2020,94.10873
Guinea-Bissau,GNB,2021,105.080696
Guyana,GUY,2000,44.30269
Guyana,GUY,2001,49.97835
Guyana,GUY,2002,40.319706
Guyana,GUY,2003,50.858444
Guyana,GUY,2004,53.149296
Guyana,GUY,2005,71.847244
Guyana,GUY,2006,36.432228
Guyana,GUY,2007,20.748928
Guyana,GUY,2008,21.699926
Guyana,GUY,2009,23.796085
Guyana,GUY,2010,39.617237
Guyana,GUY,2011,52.21907
Guyana,GUY,2012,58.567192
Guyana,GUY,2013,76.87646
Guyana,GUY,2014,29.702509
Guyana,GUY,2015,23.879814
Guyana,GUY,2016,25.447676
Guyana,GUY,2017,32.97338
Guyana,GUY,2018,39.170532
Guyana,GUY,2019,32.93509
Guyana,GUY,2020,27.795967
Guyana,GUY,2021,32.056995
Haiti,HTI,2000,9.665034
Haiti,HTI,2001,9.665006
Haiti,HTI,2002,9.66505
Haiti,HTI,2003,9.665015
Haiti,HTI,2004,9.6650505
Haiti,HTI,2005,9.665076
Haiti,HTI,2006,9.808198
Haiti,HTI,2007,8.7078705
Haiti,HTI,2008,10.468377
Haiti,HTI,2009,9.664986
Haiti,HTI,2010,9.665077
Haiti,HTI,2011,9.162208
Haiti,HTI,2012,7.2576423
Haiti,HTI,2013,6.8230762
Haiti,HTI,2014,3.5600536
Haiti,HTI,2015,3.410197
Haiti,HTI,2016,3.7901304
Haiti,HTI,2017,3.4126318
Haiti,HTI,2018,1.6262283
Haiti,HTI,2019,1.7754563
Haiti,HTI,2020,4.0464387
Haiti,HTI,2021,2.2044516
Honduras,HND,2000,8.540779
Honduras,HND,2001,5.716261
Honduras,HND,2002,3.9711373
Honduras,HND,2003,3.174081
Honduras,HND,2004,3.7908816
Honduras,HND,2005,3.4249723
Honduras,HND,2006,2.4542441
Honduras,HND,2007,2.0844314
Honduras,HND,2008,1.5998988
Honduras,HND,2009,1.7205552
Honduras,HND,2010,1.7385045
Honduras,HND,2011,1.3148082
Honduras,HND,2012,1.0898874
Honduras,HND,2013,0.89089435
Honduras,HND,2014,0.5506772
Honduras,HND,2015,0.56919134
Honduras,HND,2016,0.64402145
Honduras,HND,2017,0.19678915
Honduras,HND,2018,0.10518172
Honduras,HND,2019,0.04922009
Honduras,HND,2020,0.11976058
Honduras,HND,2021,0.2459688
India,IND,2000,19.888792
India,IND,2001,19.911081
India,IND,2002,18.390102
India,IND,2003,19.35115
India,IND,2004,21.153912
India,IND,2005,22.451515
India,IND,2006,18.093063
India,IND,2007,17.238674
India,IND,2008,17.793314
India,IND,2009,18.072378
India,IND,2010,17.461279
India,IND,2011,14.720499
India,IND,2012,11.803595
India,IND,2013,9.071224
India,IND,2014,9.118715
India,IND,2015,9.592365
India,IND,2016,9.9225645
India,IND,2017,7.376016
India,IND,2018,5.271732
India,IND,2019,4.2943225
India,IND,2020,3.1683266
India,IND,2021,3.242805
Indonesia,IDN,2000,5.331663
Indonesia,IDN,2001,5.3316617
Indonesia,IDN,2002,5.3316655
Indonesia,IDN,2003,5.3316627
Indonesia,IDN,2004,4.8118606
Indonesia,IDN,2005,5.1889567
Indonesia,IDN,2006,5.9791994
Indonesia,IDN,2007,5.331662
Indonesia,IDN,2008,5.331665
Indonesia,IDN,2009,5.3316627
Indonesia,IDN,2010,8.161176
Indonesia,IDN,2011,7.331316
Indonesia,IDN,2012,7.1816907
Indonesia,IDN,2013,6.0390344
Indonesia,IDN,2014,4.5391955
Indonesia,IDN,2015,4.0116796
Indonesia,IDN,2016,4.1525617
Indonesia,IDN,2017,2.8137627
Indonesia,IDN,2018,2.4806411
Indonesia,IDN,2019,2.8723633
Indonesia,IDN,2020,2.829779
Indonesia,IDN,2021,2.964846
Iran,IRN,2000,29.461693
Iran,IRN,2001,28.35549
Iran,IRN,2002,22.632814
Iran,IRN,2003,33.959965
Iran,IRN,2004,19.600946
Iran,IRN,2005,26.467978
Iran,IRN,2006,21.86128
Iran,IRN,2007,21.278988
Iran,IRN,2008,11.153116
Iran,IRN,2009,5.72589
Iran,IRN,2010,2.4000509
Iran,IRN,2011,2.0937545
Iran,IRN,2012,0.9575899
Iran,IRN,2013,0.59920233
Iran,IRN,2014,0.43850625
Iran,IRN,2015,0.19997989
Iran,IRN,2016,0.09523182
Iran,IRN,2017,0.06606428
Iran,IRN,2018,0
Iran,IRN,2019,0
Iran,IRN,2020,0
Iran,IRN,2021,0
Iraq,IRQ,2000,0.58093214
Iraq,IRQ,2001,0.3827145
Iraq,IRQ,2002,0.27891764
Iraq,IRQ,2003,0.098609045
Iraq,IRQ,2004,0.04279802
Iraq,IRQ,2005,0.01259774
Iraq,IRQ,2006,0.0063868365
Iraq,IRQ,2007,0.0005367809
Iraq,IRQ,2008,0.000526539
Iraq,IRQ,2009,0
Iraq,IRQ,2010,0
Iraq,IRQ,2011,0
Iraq,IRQ,2012,0
Iraq,IRQ,2013,0
Iraq,IRQ,2014,0
Iraq,IRQ,2015,0
Iraq,IRQ,2016,0.0009938912
Iraq,IRQ,2017,0
Iraq,IRQ,2018,0
Iraq,IRQ,2019,0
Iraq,IRQ,2020,0
Iraq,IRQ,2021,0
Kazakhstan,KAZ,2010,0
Kazakhstan,KAZ,2011,0
Kazakhstan,KAZ,2012,0
Kazakhstan,KAZ,2013,0
Kazakhstan,KAZ,2014,0
Kazakhstan,KAZ,2015,0
Kazakhstan,KAZ,2016,0
Kazakhstan,KAZ,2017,0
Kazakhstan,KAZ,2018,0
Kazakhstan,KAZ,2019,0
Kenya,KEN,2000,221.62729
Kenya,KEN,2001,245.55788
Kenya,KEN,2002,227.09189
Kenya,KEN,2003,212.55597
Kenya,KEN,2004,181.21059
Kenya,KEN,2005,140.02728
Kenya,KEN,2006,105.6288
Kenya,KEN,2007,80.89423
Kenya,KEN,2008,67.68556
Kenya,KEN,2009,64.255264
Kenya,KEN,2010,64.93956
Kenya,KEN,2011,66.717285
Kenya,KEN,2012,69.80637
Kenya,KEN,2013,72.16629
Kenya,KEN,2014,72.26957
Kenya,KEN,2015,70.84577
Kenya,KEN,2016,66.636765
Kenya,KEN,2017,64.46897
Kenya,KEN,2018,61.4186
Kenya,KEN,2019,59.616383
Kenya,KEN,2020,63.521004
Kenya,KEN,2021,64.51577
Kyrgyzstan,KGZ,2000,0.0018184459
Kyrgyzstan,KGZ,2001,0.003860481
Kyrgyzstan,KGZ,2002,0.69501495
Kyrgyzstan,KGZ,2003,0.116383135
Kyrgyzstan,KGZ,2004,0.022710875
Kyrgyzstan,KGZ,2005,0.055546943
Kyrgyzstan,KGZ,2006,0.07770327
Kyrgyzstan,KGZ,2007,0.02324502
Kyrgyzstan,KGZ,2008,0.004317144
Kyrgyzstan,KGZ,2009,0.00023679927
Kyrgyzstan,KGZ,2010,0.00070137
Kyrgyzstan,KGZ,2011,0
Kyrgyzstan,KGZ,2012,0
Kyrgyzstan,KGZ,2013,0
Kyrgyzstan,KGZ,2014,0
Kyrgyzstan,KGZ,2015,0
Kyrgyzstan,KGZ,2016,0
Kyrgyzstan,KGZ,2017,0
Kyrgyzstan,KGZ,2018,0
Kyrgyzstan,KGZ,2019,0
Laos,LAO,2000,31.761675
Laos,LAO,2001,21.616058
Laos,LAO,2002,17.278934
Laos,LAO,2003,15.441274
Laos,LAO,2004,13.438026
Laos,LAO,2005,11.492894
Laos,LAO,2006,15.824513
Laos,LAO,2007,14.533864
Laos,LAO,2008,12.981355
Laos,LAO,2009,14.642403
Laos,LAO,2010,13.301414
Laos,LAO,2011,9.095236
Laos,LAO,2012,23.603176
Laos,LAO,2013,19.964304
Laos,LAO,2014,25.208002
Laos,LAO,2015,17.69342
Laos,LAO,2016,7.491109
Laos,LAO,2017,4.012033
Laos,LAO,2018,4.2342234
Laos,LAO,2019,2.8088968
Laos,LAO,2020,1.4897957
Laos,LAO,2021,1.6572824
Latin America and Caribbean (WB),,2000,14.09239
Latin America and Caribbean (WB),,2001,11.602164
Latin America and Caribbean (WB),,2002,10.416165
Latin America and Caribbean (WB),,2003,10.0535965
Latin America and Caribbean (WB),,2004,9.806046
Latin America and Caribbean (WB),,2005,10.734066
Latin America and Caribbean (WB),,2006,9.11099
Latin America and Caribbean (WB),,2007,8.087608
Latin America and Caribbean (WB),,2008,5.6235576
Latin America and Caribbean (WB),,2009,5.48059
Latin America and Caribbean (WB),,2010,6.4632163
Latin America and Caribbean (WB),,2011,4.800923
Latin America and Caribbean (WB),,2012,4.5141487
Latin America and Caribbean (WB),,2013,4.384271
Latin America and Caribbean (WB),,2014,3.579346
Latin America and Caribbean (WB),,2015,4.2638
Latin America and Caribbean (WB),,2016,5.069286
Latin America and Caribbean (WB),,2017,6.892635
Latin America and Caribbean (WB),,2018,6.7106013
Latin America and Caribbean (WB),,2019,6.4052515
Latin America and Caribbean (WB),,2020,4.592037
Latin America and Caribbean (WB),,2021,4.251026
Liberia,LBR,2000,431.19394
Liberia,LBR,2001,440.00266
Liberia,LBR,2002,439.11697
Liberia,LBR,2003,434.03595
Liberia,LBR,2004,406.8242
Liberia,LBR,2005,388.57544
Liberia,LBR,2006,376.27805
Liberia,LBR,2007,370.9222
Liberia,LBR,2008,370.8517
Liberia,LBR,2009,354.56583
Liberia,LBR,2010,337.02335
Liberia,LBR,2011,323.84894
Liberia,LBR,2012,306.71924
Liberia,LBR,2013,312.14056
Liberia,LBR,2014,333.30768
Liberia,LBR,2015,345.11133
Liberia,LBR,2016,376.95163
Liberia,LBR,2017,404.32544
Liberia,LBR,2018,402.13803
Liberia,LBR,2019,392.0206
Liberia,LBR,2020,376.22592
Liberia,LBR,2021,356.68796
Low-income countries,,2000,306.38928
Low-income countries,,2001,304.71494
Low-income countries,,2002,293.39194
Low-income countries,,2003,287.10043
Low-income countries,,2004,274.9242
Low-income countries,,2005,259.51953
Low-income countries,,2006,250.64145
Low-income countries,,2007,239.87321
Low-income countries,,2008,233.08301
Low-income countries,,2009,236.66959
Low-income countries,,2010,236.12376
Low-income countries,,2011,229.41504
Low-income countries,,2012,230.06413
Low-income countries,,2013,226.98851
Low-income countries,,2014,217.17549
Low-income countries,,2015,210.07266
Low-income countries,,2016,204.29565
Low-income countries,,2017,207.70695
Low-income countries,,2018,194.69785
Low-income countries,,2019,189.15913
Low-income countries,,2020,196.00523
Low-income countries,,2021,192.84386
Lower-middle-income countries,,2000,79.34202
Lower-middle-income countries,,2001,79.177956
Lower-middle-income countries,,2002,75.89388
Lower-middle-income countries,,2003,75.883934
Lower-middle-income countries,,2004,76.03321
Lower-middle-income countries,,2005,75.142715
Lower-middle-income countries,,2006,71.19515
Lower-middle-income countries,,2007,69.66286
Lower-middle-income countries,,2008,68.47818
Lower-middle-income countries,,2009,67.457565
Lower-middle-income countries,,2010,65.24642
Lower-middle-income countries,,2011,61.44275
Lower-middle-income countries,,2012,57.447697
Lower-middle-income countries,,2013,53.680283
Lower-middle-income countries,,2014,52.73953
Lower-middle-income countries,,2015,52.2552
Lower-middle-income countries,,2016,52.092148
Lower-middle-income countries,,2017,51.18575
Lower-middle-income countries,,2018,49.956726
Lower-middle-income countries,,2019,49.708904
Lower-middle-income countries,,2020,51.49587
Lower-middle-income countries,,2021,51.211674
Madagascar,MDG,2000,55.868458
Madagascar,MDG,2001,66.51815
Madagascar,MDG,2002,52.203022
Madagascar,MDG,2003,66.57929
Madagascar,MDG,2004,45.704033
Madagascar,MDG,2005,35.272774
Madagascar,MDG,2006,34.4451
Madagascar,MDG,2007,22.193672
Madagascar,MDG,2008,22.880966
Madagascar,MDG,2009,41.806133
Madagascar,MDG,2010,41.11812
Madagascar,MDG,2011,36.850376
Madagascar,MDG,2012,69.432
Madagascar,MDG,2013,63.476658
Madagascar,MDG,2014,44.52763
Madagascar,MDG,2015,94.40088
Madagascar,MDG,2016,55.231133
Madagascar,MDG,2017,75.329636
Madagascar,MDG,2018,71.569855
Madagascar,MDG,2019,73.83689
Madagascar,MDG,2020,142.09077
Madagascar,MDG,2021,169.84894
Malawi,MWI,2000,451.3356
Malawi,MWI,2001,459.99973
Malawi,MWI,2002,437.62457
Malawi,MWI,2003,401.3689
Malawi,MWI,2004,373.3464
Malawi,MWI,2005,369.77542
Malawi,MWI,2006,353.5782
Malawi,MWI,2007,350.60522
Malawi,MWI,2008,368.32855
Malawi,MWI,2009,381.6648
Malawi,MWI,2010,381.5201
Malawi,MWI,2011,367.7533
Malawi,MWI,2012,324.32266
Malawi,MWI,2013,292.40137
Malawi,MWI,2014,264.18704
Malawi,MWI,2015,242.43681
Malawi,MWI,2016,226.90706
Malawi,MWI,2017,218.75948
Malawi,MWI,2018,210.12213
Malawi,MWI,2019,204.96417
Malawi,MWI,2020,219.4673
Malawi,MWI,2021,219.16614
Malaysia,MYS,2000,13.842794
Malaysia,MYS,2001,13.571201
Malaysia,MYS,2002,11.410411
Malaysia,MYS,2003,6.404763
Malaysia,MYS,2004,6.0730524
Malaysia,MYS,2005,5.3706045
Malaysia,MYS,2006,4.9925685
Malaysia,MYS,2007,3.7353373
Malaysia,MYS,2008,5.4863176
Malaysia,MYS,2009,5.276037
Malaysia,MYS,2010,4.521598
Malaysia,MYS,2011,3.3871155
Malaysia,MYS,2012,3.086628
Malaysia,MYS,2013,0.8528346
Malaysia,MYS,2014,0.4868255
Malaysia,MYS,2015,0.19472896
Malaysia,MYS,2016,0.21093433
Malaysia,MYS,2017,0.066456504
Malaysia,MYS,2018,0
Malaysia,MYS,2019,0
Malaysia,MYS,2020,0
Malaysia,MYS,2021,0
Mali,MLI,2000,406.2294
Mali,MLI,2001,407.44647
Mali,MLI,2002,416.45828
Mali,MLI,2003,423.80887
Mali,MLI,2004,429.3726
Mali,MLI,2005,431.24026
Mali,MLI,2006,405.71033
Mali,MLI,2007,388.8055
Mali,MLI,2008,379.05875
Mali,MLI,2009,374.56232
Mali,MLI,2010,383.60342
Mali,MLI,2011,404.73294
Mali,MLI,2012,435.65057
Mali,MLI,2013,452.81595
Mali,MLI,2014,441.0074
Mali,MLI,2015,391.8293
Mali,MLI,2016,384.2218
Mali,MLI,2017,386.77756
Mali,MLI,2018,386.77753
Mali,MLI,2019,333.69543
Mali,MLI,2020,357.45023
Mali,MLI,2021,353.56046
Mauritania,MRT,2000,113.08225
Mauritania,MRT,2001,111.41192
Mauritania,MRT,2002,109.494514
Mauritania,MRT,2003,110.86537
Mauritania,MRT,2004,97.26886
Mauritania,MRT,2005,93.56152
Mauritania,MRT,2006,83.914246
Mauritania,MRT,2007,78.29344
Mauritania,MRT,2008,64.66665
Mauritania,MRT,2009,32.537914
Mauritania,MRT,2010,36.072353
Mauritania,MRT,2011,46.106277
Mauritania,MRT,2012,24.22202
Mauritania,MRT,2013,27.04999
Mauritania,MRT,2014,56.3823
Mauritania,MRT,2015,73.91352
Mauritania,MRT,2016,95.34168
Mauritania,MRT,2017,73.67161
Mauritania,MRT,2018,55.373672
Mauritania,MRT,2019,41.985252
Mauritania,MRT,2020,44.851913
Mauritania,MRT,2021,18.424807
Mexico,MEX,2000,3.56159
Mexico,MEX,2001,2.370966
Mexico,MEX,2002,2.1613111
Mexico,MEX,2003,1.7586905
Mexico,MEX,2004,1.5456167
Mexico,MEX,2005,1.3272923
Mexico,MEX,2006,1.1094445
Mexico,MEX,2007,1.0282998
Mexico,MEX,2008,1.0136279
Mexico,MEX,2009,1.1481378
Mexico,MEX,2010,0.5138983
Mexico,MEX,2011,0.46446472
Mexico,MEX,2012,0.33944234
Mexico,MEX,2013,0.19907004
Mexico,MEX,2014,0.26056314
Mexico,MEX,2015,0.2029698
Mexico,MEX,2016,0.21388033
Mexico,MEX,2017,0.28262126
Mexico,MEX,2018,0.30542853
Mexico,MEX,2019,0.23304854
Mexico,MEX,2020,0.13327523
Mexico,MEX,2021,0.09009183
Middle East and North Africa (WB),,2000,7.8775873
Middle East and North Africa (WB),,2001,8.547123
Middle East and North Africa (WB),,2002,9.205672
Middle East and North Africa (WB),,2003,8.258757
Middle East and North Africa (WB),,2004,6.479106
Middle East and North Africa (WB),,2005,6.684418
Middle East and North Africa (WB),,2006,7.790407
Middle East and North Africa (WB),,2007,5.4218726
Middle East and North Africa (WB),,2008,3.3542736
Middle East and North Africa (WB),,2009,4.238932
Middle East and North Africa (WB),,2010,6.641091
Middle East and North Africa (WB),,2011,4.5596504
Middle East and North Africa (WB),,2012,4.623951
Middle East and North Africa (WB),,2013,3.7070787
Middle East and North Africa (WB),,2014,3.112637
Middle East and North Africa (WB),,2015,2.691055
Middle East and North Africa (WB),,2016,3.4144359
Middle East and North Africa (WB),,2017,3.7872124
Middle East and North Africa (WB),,2018,4.3745604
Middle East and North Africa (WB),,2019,4.22234
Middle East and North Africa (WB),,2020,4.1113486
Middle East and North Africa (WB),,2021,4.814734
Middle-income countries,,2000,54.68792
Middle-income countries,,2001,54.688995
Middle-income countries,,2002,52.560974
Middle-income countries,,2003,52.678314
Middle-income countries,,2004,52.872257
Middle-income countries,,2005,52.454575
Middle-income countries,,2006,49.964718
Middle-income countries,,2007,48.885944
Middle-income countries,,2008,48.09737
Middle-income countries,,2009,47.567917
Middle-income countries,,2010,46.13115
Middle-income countries,,2011,43.537514
Middle-income countries,,2012,40.8231
Middle-income countries,,2013,38.226566
Middle-income countries,,2014,37.48986
Middle-income countries,,2015,37.188877
Middle-income countries,,2016,37.15935
Middle-income countries,,2017,36.531017
Middle-income countries,,2018,35.755722
Middle-income countries,,2019,35.614674
Middle-income countries,,2020,37.226936
Middle-income countries,,2021,44.80546
Morocco,MAR,2000,0.00010506256
Morocco,MAR,2001,0
Morocco,MAR,2002,0.000648424
Morocco,MAR,2003,0.00013485599
Morocco,MAR,2004,0.00003329657
Morocco,MAR,2005,0
Morocco,MAR,2006,0
Morocco,MAR,2007,0
Morocco,MAR,2008,0
Morocco,MAR,2009,0
Morocco,MAR,2010,0
Morocco,MAR,2011,0
Morocco,MAR,2012,0
Morocco,MAR,2013,0
Morocco,MAR,2014,0
Morocco,MAR,2015,0
Morocco,MAR,2016,0
Morocco,MAR,2017,0
Morocco,MAR,2018,0
Morocco,MAR,2019,0
Morocco,MAR,2020,0
Morocco,MAR,2021,0
Mozambique,MOZ,2000,473.69644
Mozambique,MOZ,2001,493.82172
Mozambique,MOZ,2002,496.57208
Mozambique,MOZ,2003,483.59802
Mozambique,MOZ,2004,455.3398
Mozambique,MOZ,2005,421.42957
Mozambique,MOZ,2006,401.4831
Mozambique,MOZ,2007,387.99603
Mozambique,MOZ,2008,382.01807
Mozambique,MOZ,2009,377.48172
Mozambique,MOZ,2010,375.32098
Mozambique,MOZ,2011,369.6864
Mozambique,MOZ,2012,368.8757
Mozambique,MOZ,2013,367.97433
Mozambique,MOZ,2014,357.77307
Mozambique,MOZ,2015,350.30988
Mozambique,MOZ,2016,343.05804
Mozambique,MOZ,2017,329.82672
Mozambique,MOZ,2018,319.68805
Mozambique,MOZ,2019,311.0862
Mozambique,MOZ,2020,320.43097
Mozambique,MOZ,2021,320.6004
Myanmar,MMR,2000,50.01029
Myanmar,MMR,2001,50.010292
Myanmar,MMR,2002,50.010296
Myanmar,MMR,2003,50.010277
Myanmar,MMR,2004,50.0103
Myanmar,MMR,2005,50.010296
Myanmar,MMR,2006,35.56503
Myanmar,MMR,2007,44.572773
Myanmar,MMR,2008,54.26404
Myanmar,MMR,2009,51.15571
Myanmar,MMR,2010,51.27177
Myanmar,MMR,2011,44.762165
Myanmar,MMR,2012,58.69525
Myanmar,MMR,2013,20.296583
Myanmar,MMR,2014,12.622999
Myanmar,MMR,2015,8.865286
Myanmar,MMR,2016,5.246252
Myanmar,MMR,2017,3.8801806
Myanmar,MMR,2018,3.4671676
Myanmar,MMR,2019,2.4811463
Myanmar,MMR,2020,2.5834355
Myanmar,MMR,2021,9.146195
Namibia,NAM,2000,53.608765
Namibia,NAM,2001,69.83418
Namibia,NAM,2002,46.960808
Namibia,NAM,2003,44.43924
Namibia,NAM,2004,68.52851
Namibia,NAM,2005,41.91399
Namibia,NAM,2006,43.236115
Namibia,NAM,2007,12.941707
Namibia,NAM,2008,7.4741983
Namibia,NAM,2009,3.6968217
Namibia,NAM,2010,1.5543457
Namibia,NAM,2011,1.8268359
Namibia,NAM,2012,3.1765332
Namibia,NAM,2013,4.4827237
Namibia,NAM,2014,14.480039
Namibia,NAM,2015,8.30732
Namibia,NAM,2016,17.38027
Namibia,NAM,2017,47.502514
Namibia,NAM,2018,26.298397
Namibia,NAM,2019,2.9376583
Namibia,NAM,2020,10.253472
Namibia,NAM,2021,10.616902
Nepal,NPL,2000,6.7309747
Nepal,NPL,2001,7.699626
Nepal,NPL,2002,11.588751
Nepal,NPL,2003,9.772463
Nepal,NPL,2004,4.606653
Nepal,NPL,2005,4.722124
Nepal,NPL,2006,4.6203346
Nepal,NPL,2007,5.434951
Nepal,NPL,2008,3.973127
Nepal,NPL,2009,3.2685478
Nepal,NPL,2010,3.8298125
Nepal,NPL,2011,2.3388827
Nepal,NPL,2012,1.7220532
Nepal,NPL,2013,1.2787611
Nepal,NPL,2014,0.61617976
Nepal,NPL,2015,0.5452465
Nepal,NPL,2016,0.41458812
Nepal,NPL,2017,0.3288073
Nepal,NPL,2018,0.3306373
Nepal,NPL,2019,0.05543942
Nepal,NPL,2020,0.028640786
Nepal,NPL,2021,0.012157977
Nicaragua,NIC,2000,13.394083
Nicaragua,NIC,2001,5.8566837
Nicaragua,NIC,2002,4.2451587
Nicaragua,NIC,2003,3.6612616
Nicaragua,NIC,2004,3.7153044
Nicaragua,NIC,2005,3.5330198
Nicaragua,NIC,2006,1.6335496
Nicaragua,NIC,2007,0.7014883
Nicaragua,NIC,2008,0.38868973
Nicaragua,NIC,2009,0.30648506
Nicaragua,NIC,2010,0.34271938
Nicaragua,NIC,2011,0.4514396
Nicaragua,NIC,2012,0.59414387
Nicaragua,NIC,2013,0.5507078
Nicaragua,NIC,2014,0.5335622
Nicaragua,NIC,2015,1.0497073
Nicaragua,NIC,2016,2.8480754
Nicaragua,NIC,2017,4.9018083
Nicaragua,NIC,2018,7.026683
Nicaragua,NIC,2019,5.7470393
Nicaragua,NIC,2020,11.010367
Nicaragua,NIC,2021,9.850983
Niger,NER,2000,355.7451
Niger,NER,2001,347.48462
Niger,NER,2002,325.03943
Niger,NER,2003,296.51532
Niger,NER,2004,300.49246
Niger,NER,2005,308.27368
Niger,NER,2006,305.32535
Niger,NER,2007,313.37802
Niger,NER,2008,349.63882
Niger,NER,2009,375.22827
Niger,NER,2010,407.62082
Niger,NER,2011,421.39923
Niger,NER,2012,425.16547
Niger,NER,2013,413.74612
Niger,NER,2014,406.8126
Niger,NER,2015,401.10965
Niger,NER,2016,384.9377
Niger,NER,2017,362.65408
Niger,NER,2018,343.7268
Niger,NER,2019,325.5293
Niger,NER,2020,322.40894
Niger,NER,2021,323.38568
Nigeria,NGA,2000,413.33496
Nigeria,NGA,2001,406.09296
Nigeria,NGA,2002,393.20337
Nigeria,NGA,2003,393.8068
Nigeria,NGA,2004,402.38385
Nigeria,NGA,2005,408.65274
Nigeria,NGA,2006,411.6849
Nigeria,NGA,2007,414.0445
Nigeria,NGA,2008,415.76645
Nigeria,NGA,2009,403.54138
Nigeria,NGA,2010,376.2037
Nigeria,NGA,2011,351.64505
Nigeria,NGA,2012,327.608
Nigeria,NGA,2013,308.6048
Nigeria,NGA,2014,298.15897
Nigeria,NGA,2015,294.11066
Nigeria,NGA,2016,295.05612
Nigeria,NGA,2017,299.0737
Nigeria,NGA,2018,300.68533
Nigeria,NGA,2019,301.90814
Nigeria,NGA,2020,312.65094
Nigeria,NGA,2021,306.4625
North Korea,PRK,2000,9.927481
North Korea,PRK,2001,12.592623
North Korea,PRK,2002,10.709479
North Korea,PRK,2003,1.7809067
North Korea,PRK,2004,1.6924416
North Korea,PRK,2005,0.7149118
North Korea,PRK,2006,0.7304847
North Korea,PRK,2007,0.5041675
North Korea,PRK,2008,1.738521
North Korea,PRK,2009,1.524391
North Korea,PRK,2010,1.4025538
North Korea,PRK,2011,1.7318392
North Korea,PRK,2012,2.2483642
North Korea,PRK,2013,1.4757173
North Korea,PRK,2014,1.0737672
North Korea,PRK,2015,0.7119718
North Korea,PRK,2016,0.507659
North Korea,PRK,2017,0.46198106
North Korea,PRK,2018,0.36938688
North Korea,PRK,2019,0.18584101
North Korea,PRK,2020,0.18008603
North Korea,PRK,2021,0.23241115
Oman,OMN,2000,0.0025594507
Oman,OMN,2001,0.0008422283
Oman,OMN,2002,0.0024961943
Oman,OMN,2003,0.002467511
Oman,OMN,2004,0
Oman,OMN,2005,0
Oman,OMN,2006,0
Oman,OMN,2007,0.0015350961
Oman,OMN,2008,0
Oman,OMN,2009,0
Oman,OMN,2010,0
Oman,OMN,2011,0
Oman,OMN,2012,0
Oman,OMN,2013,0
Oman,OMN,2014,0
Oman,OMN,2015,0
Oman,OMN,2016,0
Oman,OMN,2017,0
Oman,OMN,2018,0
Oman,OMN,2019,0
Oman,OMN,2020,0
Oman,OMN,2021,0
Pakistan,PAK,2000,6.087883
Pakistan,PAK,2001,6.629935
Pakistan,PAK,2002,6.020518
Pakistan,PAK,2003,5.636618
Pakistan,PAK,2004,4.074595
Pakistan,PAK,2005,4.930205
Pakistan,PAK,2006,4.861718
Pakistan,PAK,2007,4.6708946
Pakistan,PAK,2008,4.1785297
Pakistan,PAK,2009,5.4340587
Pakistan,PAK,2010,7.5623937
Pakistan,PAK,2011,9.761609
Pakistan,PAK,2012,8.313149
Pakistan,PAK,2013,6.8411007
Pakistan,PAK,2014,4.8580046
Pakistan,PAK,2015,4.8230953
Pakistan,PAK,2016,4.8458686
Pakistan,PAK,2017,3.8544788
Pakistan,PAK,2018,3.2660325
Pakistan,PAK,2019,2.9171584
Pakistan,PAK,2020,2.4300704
Pakistan,PAK,2021,2.2225668
Panama,PAN,2000,0.37569335
Panama,PAN,2001,0.3299198
Panama,PAN,2002,0.7826216
Panama,PAN,2003,1.5396446
Panama,PAN,2004,1.7098643
Panama,PAN,2005,1.2072434
Panama,PAN,2006,0.53730476
Panama,PAN,2007,0.40634415
Panama,PAN,2008,0.23155856
Panama,PAN,2009,0.23784527
Panama,PAN,2010,0.12551364
Panama,PAN,2011,0.104244515
Panama,PAN,2012,0.2444553
Panama,PAN,2013,0.20015758
Panama,PAN,2014,0.26713556
Panama,PAN,2015,0.15020052
Panama,PAN,2016,0.20769162
Panama,PAN,2017,0.20213726
Panama,PAN,2018,0.19580147
Panama,PAN,2019,0.45156175
Panama,PAN,2020,0.49319693
Panama,PAN,2021,1.0891911
Papua New Guinea,PNG,2000,265.46298
Papua New Guinea,PNG,2001,253.32224
Papua New Guinea,PNG,2002,209.72827
Papua New Guinea,PNG,2003,218.88185
Papua New Guinea,PNG,2004,271.44
Papua New Guinea,PNG,2005,217.50063
Papua New Guinea,PNG,2006,220.87553
Papua New Guinea,PNG,2007,180.7902
Papua New Guinea,PNG,2008,165.35696
Papua New Guinea,PNG,2009,212.45174
Papua New Guinea,PNG,2010,142.32437
Papua New Guinea,PNG,2011,115.16534
Papua New Guinea,PNG,2012,155.6894
Papua New Guinea,PNG,2013,172.23918
Papua New Guinea,PNG,2014,190.67105
Papua New Guinea,PNG,2015,101.90155
Papua New Guinea,PNG,2016,135.85156
Papua New Guinea,PNG,2017,134.9699
Papua New Guinea,PNG,2018,139.53706
Papua New Guinea,PNG,2019,117.88396
Papua New Guinea,PNG,2020,150.78711
Papua New Guinea,PNG,2021,124.3399
Paraguay,PRY,2000,37.15229
Paraguay,PRY,2001,14.423154
Paraguay,PRY,2002,14.581166
Paraguay,PRY,2003,7.2022705
Paraguay,PRY,2004,3.5489545
Paraguay,PRY,2005,1.8917973
Paraguay,PRY,2006,4.115474
Paraguay,PRY,2007,6.6436434
Paraguay,PRY,2008,1.6287366
Paraguay,PRY,2009,0.38968882
Paraguay,PRY,2010,0.09630664
Paraguay,PRY,2011,0.004753281
Paraguay,PRY,2012,0
Paraguay,PRY,2013,0
Paraguay,PRY,2014,0
Paraguay,PRY,2015,0
Paraguay,PRY,2016,0
Paraguay,PRY,2017,0
Paraguay,PRY,2018,0
Paraguay,PRY,2019,0
Paraguay,PRY,2020,0
Paraguay,PRY,2021,0
Peru,PER,2000,9.870762
Peru,PER,2001,9.902289
Peru,PER,2002,12.012035
Peru,PER,2003,10.306246
Peru,PER,2004,10.5322275
Peru,PER,2005,9.78135
Peru,PER,2006,7.181694
Peru,PER,2007,5.57576
Peru,PER,2008,4.8266225
Peru,PER,2009,4.5669966
Peru,PER,2010,3.296718
Peru,PER,2011,2.671004
Peru,PER,2012,3.460754
Peru,PER,2013,5.311814
Peru,PER,2014,7.040537
Peru,PER,2015,7.2038784
Peru,PER,2016,5.9566345
Peru,PER,2017,5.8607774
Peru,PER,2018,4.6215253
Peru,PER,2019,3.547003
Peru,PER,2020,2.273948
Peru,PER,2021,1.7557654
Philippines,PHL,2000,1.7664654
Philippines,PHL,2001,1.2141978
Philippines,PHL,2002,1.4952618
Philippines,PHL,2003,2.0862925
Philippines,PHL,2004,1.856621
Philippines,PHL,2005,1.660094
Philippines,PHL,2006,2.0175674
Philippines,PHL,2007,2.1677935
Philippines,PHL,2008,1.4081061
Philippines,PHL,2009,1.0897771
Philippines,PHL,2010,0.97366565
Philippines,PHL,2011,0.4275096
Philippines,PHL,2012,0.33673927
Philippines,PHL,2013,0.302557
Philippines,PHL,2014,0.243323
Philippines,PHL,2015,0.46635354
Philippines,PHL,2016,0.28417906
Philippines,PHL,2017,0.26757085
Philippines,PHL,2018,0.17287795
Philippines,PHL,2019,0.21116166
Philippines,PHL,2020,0.23169796
Philippines,PHL,2021,0.16041464
Rwanda,RWA,2000,189.41025
Rwanda,RWA,2001,179.82474
Rwanda,RWA,2002,164.32808
Rwanda,RWA,2003,143.76216
Rwanda,RWA,2004,125.30464
Rwanda,RWA,2005,153.50633
Rwanda,RWA,2006,150.63937
Rwanda,RWA,2007,88.26464
Rwanda,RWA,2008,69.889725
Rwanda,RWA,2009,153.99248
Rwanda,RWA,2010,104.739716
Rwanda,RWA,2011,36.93046
Rwanda,RWA,2012,59.62787
Rwanda,RWA,2013,109.412186
Rwanda,RWA,2014,202.23697
Rwanda,RWA,2015,307.95978
Rwanda,RWA,2016,409.67877
Rwanda,RWA,2017,709.79333
Rwanda,RWA,2018,493.47476
Rwanda,RWA,2019,411.33414
Rwanda,RWA,2020,227.13866
Rwanda,RWA,2021,126.31905
Sao Tome and Principe,STP,2000,222.49051
Sao Tome and Principe,STP,2001,287.75177
Sao Tome and Principe,STP,2002,337.59784
Sao Tome and Principe,STP,2003,277.41574
Sao Tome and Principe,STP,2004,294.7805
Sao Tome and Principe,STP,2005,112.19075
Sao Tome and Principe,STP,2006,31.051441
Sao Tome and Principe,STP,2007,14.254173
Sao Tome and Principe,STP,2008,35.96469
Sao Tome and Principe,STP,2009,34.70538
Sao Tome and Principe,STP,2010,17.272617
Sao Tome and Principe,STP,2011,45.37636
Sao Tome and Principe,STP,2012,66.07906
Sao Tome and Principe,STP,2013,47.704082
Sao Tome and Principe,STP,2014,8.881147
Sao Tome and Principe,STP,2015,10.222549
Sao Tome and Principe,STP,2016,10.936706
Sao Tome and Principe,STP,2017,10.76256
Sao Tome and Principe,STP,2018,13.896775
Sao Tome and Principe,STP,2019,12.730721
Sao Tome and Principe,STP,2020,8.840977
Sao Tome and Principe,STP,2021,12.186977
Saudi Arabia,SAU,2000,3.8281481
Saudi Arabia,SAU,2001,1.7374073
Saudi Arabia,SAU,2002,1.441214
Saudi Arabia,SAU,2003,0.9295735
Saudi Arabia,SAU,2004,0.6499443
Saudi Arabia,SAU,2005,0.5418279
Saudi Arabia,SAU,2006,0.6284975
Saudi Arabia,SAU,2007,0.22081329
Saudi Arabia,SAU,2008,0.027752427
Saudi Arabia,SAU,2009,0.025418129
Saudi Arabia,SAU,2010,0.012308011
Saudi Arabia,SAU,2011,0.02856679
Saudi Arabia,SAU,2012,0.033210307
Saudi Arabia,SAU,2013,0.013481033
Saudi Arabia,SAU,2014,0.011656923
Saudi Arabia,SAU,2015,0.03163604
Saudi Arabia,SAU,2016,0.10160715
Saudi Arabia,SAU,2017,0.06461717
Saudi Arabia,SAU,2018,0.02174454
Saudi Arabia,SAU,2019,0.013239823
Saudi Arabia,SAU,2020,0.028782187
Saudi Arabia,SAU,2021,0
Senegal,SEN,2000,275.80872
Senegal,SEN,2001,248.55185
Senegal,SEN,2002,220.86368
Senegal,SEN,2003,197.71654
Senegal,SEN,2004,130.24341
Senegal,SEN,2005,124.14543
Senegal,SEN,2006,122.18909
Senegal,SEN,2007,100.32499
Senegal,SEN,2008,52.95795
Senegal,SEN,2009,33.26872
Senegal,SEN,2010,60.90396
Senegal,SEN,2011,48.620987
Senegal,SEN,2012,53.357685
Senegal,SEN,2013,58.358364
Senegal,SEN,2014,38.136738
Senegal,SEN,2015,70.41769
Senegal,SEN,2016,46.377365
Senegal,SEN,2017,53.153584
Senegal,SEN,2018,67.265816
Senegal,SEN,2019,42.01176
Senegal,SEN,2020,50.830425
Senegal,SEN,2021,59.002163
Sierra Leone,SLE,2000,454.08762
Sierra Leone,SLE,2001,453.24902
Sierra Leone,SLE,2002,441.51657
Sierra Leone,SLE,2003,419.89853
Sierra Leone,SLE,2004,409.7808
Sierra Leone,SLE,2005,399.45584
Sierra Leone,SLE,2006,391.93503
Sierra Leone,SLE,2007,403.53482
Sierra Leone,SLE,2008,435.8874
Sierra Leone,SLE,2009,460.2958
Sierra Leone,SLE,2010,462.62805
Sierra Leone,SLE,2011,455.14456
Sierra Leone,SLE,2012,439.8827
Sierra Leone,SLE,2013,419.41754
Sierra Leone,SLE,2014,401.6452
Sierra Leone,SLE,2015,390.65094
Sierra Leone,SLE,2016,388.95514
Sierra Leone,SLE,2017,375.63797
Sierra Leone,SLE,2018,369.07114
Sierra Leone,SLE,2019,355.11945
Sierra Leone,SLE,2020,339.54788
Sierra Leone,SLE,2021,329.83167
Solomon Islands,SLB,2000,598.0624
Solomon Islands,SLB,2001,655.814
Solomon Islands,SLB,2002,627.69244
Solomon Islands,SLB,2003,523.827
Solomon Islands,SLB,2004,723.28595
Solomon Islands,SLB,2005,598.7824
Solomon Islands,SLB,2006,577.054
Solomon Islands,SLB,2007,311.24844
Solomon Islands,SLB,2008,182.28604
Solomon Islands,SLB,2009,144.10951
Solomon Islands,SLB,2010,170.89105
Solomon Islands,SLB,2011,114.33408
Solomon Islands,SLB,2012,92.905876
Solomon Islands,SLB,2013,93.122604
Solomon Islands,SLB,2014,58.848396
Solomon Islands,SLB,2015,65.636986
Solomon Islands,SLB,2016,135.37518
Solomon Islands,SLB,2017,162.56668
Solomon Islands,SLB,2018,132.81116
Solomon Islands,SLB,2019,208.3748
Solomon Islands,SLB,2020,164.79828
Solomon Islands,SLB,2021,216.10025
Somalia,SOM,2000,134.99039
Somalia,SOM,2001,141.48769
Somalia,SOM,2002,131.35739
Somalia,SOM,2003,129.99461
Somalia,SOM,2004,123.05935
Somalia,SOM,2005,133.06757
Somalia,SOM,2006,118.19835
Somalia,SOM,2007,101.47587
Somalia,SOM,2008,62.902504
Somalia,SOM,2009,38.748558
Somalia,SOM,2010,41.600365
Somalia,SOM,2011,34.32173
Somalia,SOM,2012,34.844105
Somalia,SOM,2013,41.584175
Somalia,SOM,2014,50.252323
Somalia,SOM,2015,58.977734
Somalia,SOM,2016,58.594624
Somalia,SOM,2017,55.197243
Somalia,SOM,2018,59.2882
Somalia,SOM,2019,59.883427
Somalia,SOM,2020,56.048626
Somalia,SOM,2021,66.32602
South Africa,ZAF,2000,3.889069
South Africa,ZAF,2001,5.6121454
South Africa,ZAF,2002,3.2833622
South Africa,ZAF,2003,2.797894
South Africa,ZAF,2004,2.7594903
South Africa,ZAF,2005,1.5820997
South Africa,ZAF,2006,2.4444478
South Africa,ZAF,2007,1.265499
South Africa,ZAF,2008,1.5417532
South Africa,ZAF,2009,1.1866148
South Africa,ZAF,2010,1.5564376
South Africa,ZAF,2011,1.8812691
South Africa,ZAF,2012,1.2458361
South Africa,ZAF,2013,1.6046817
South Africa,ZAF,2014,2.1386983
South Africa,ZAF,2015,0.88749295
South Africa,ZAF,2016,0.76618683
South Africa,ZAF,2017,4.127914
South Africa,ZAF,2018,1.6676075
South Africa,ZAF,2019,0.82996124
South Africa,ZAF,2020,0.7589888
South Africa,ZAF,2021,0.4980448
South Asia (WB),,2000,18.844446
South Asia (WB),,2001,18.779259
South Asia (WB),,2002,17.447945
South Asia (WB),,2003,18.009201
South Asia (WB),,2004,18.824642
South Asia (WB),,2005,19.851524
South Asia (WB),,2006,16.079142
South Asia (WB),,2007,15.402439
South Asia (WB),,2008,15.730292
South Asia (WB),,2009,15.984131
South Asia (WB),,2010,15.757392
South Asia (WB),,2011,13.814795
South Asia (WB),,2012,11.074942
South Asia (WB),,2013,8.646851
South Asia (WB),,2014,8.452515
South Asia (WB),,2015,8.850573
South Asia (WB),,2016,9.35113
South Asia (WB),,2017,7.1507525
South Asia (WB),,2018,5.2078953
South Asia (WB),,2019,4.212691
South Asia (WB),,2020,3.1049547
South Asia (WB),,2021,3.0962172
South Korea,KOR,2000,1.2771735
South Korea,KOR,2001,0.77583027
South Korea,KOR,2002,0.5431032
South Korea,KOR,2003,0.35188612
South Korea,KOR,2004,0.25861225
South Korea,KOR,2005,0.40838
South Korea,KOR,2006,0.6097898
South Korea,KOR,2007,0.6597654
South Korea,KOR,2008,0.3137634
South Korea,KOR,2009,0.26402748
South Korea,KOR,2010,0.37080264
South Korea,KOR,2011,0.14672168
South Korea,KOR,2012,0.11340114
South Korea,KOR,2013,0.109214045
South Korea,KOR,2014,0.15738629
South Korea,KOR,2015,0.17564954
South Korea,KOR,2016,0.16760875
South Korea,KOR,2017,0.12091583
South Korea,KOR,2018,0.13849792
South Korea,KOR,2019,0.13374636
South Korea,KOR,2020,0.09809519
South Korea,KOR,2021,0.07552143
South Sudan,SSD,2000,367.1643
South Sudan,SSD,2001,357.1814
South Sudan,SSD,2002,336.60754
South Sudan,SSD,2003,318.78833
South Sudan,SSD,2004,306.66302
South Sudan,SSD,2005,305.7484
South Sudan,SSD,2006,305.23166
South Sudan,SSD,2007,299.46997
South Sudan,SSD,2008,293.15256
South Sudan,SSD,2009,286.08032
South Sudan,SSD,2010,285.69644
South Sudan,SSD,2011,290.85797
South Sudan,SSD,2012,287.8003
South Sudan,SSD,2013,285.73834
South Sudan,SSD,2014,276.30542
South Sudan,SSD,2015,271.00064
South Sudan,SSD,2016,266.54785
South Sudan,SSD,2017,277.7837
South Sudan,SSD,2018,278.79065
South Sudan,SSD,2019,281.2589
South Sudan,SSD,2020,286.88663
South Sudan,SSD,2021,274.79605
Sri Lanka,LKA,2000,48.636295
Sri Lanka,LKA,2001,15.28657
Sri Lanka,LKA,2002,9.421308
Sri Lanka,LKA,2003,2.3672605
Sri Lanka,LKA,2004,0.8298387
Sri Lanka,LKA,2005,0.36243182
Sri Lanka,LKA,2006,0.12931424
Sri Lanka,LKA,2007,0.04287487
Sri Lanka,LKA,2008,0.1391003
Sri Lanka,LKA,2009,0.11271566
Sri Lanka,LKA,2010,0.1438859
Sri Lanka,LKA,2011,0.025845496
Sri Lanka,LKA,2012,0.0047580195
Sri Lanka,LKA,2013,0
Sri Lanka,LKA,2014,0
Sri Lanka,LKA,2015,0
Sri Lanka,LKA,2016,0
Sri Lanka,LKA,2017,0
Sri Lanka,LKA,2018,0
Sri Lanka,LKA,2019,0
Sri Lanka,LKA,2020,0
Sri Lanka,LKA,2021,0
Sub-Saharan Africa (WB),,2000,358.01233
Sub-Saharan Africa (WB),,2001,355.9707
Sub-Saharan Africa (WB),,2002,342.05893
Sub-Saharan Africa (WB),,2003,336.49158
Sub-Saharan Africa (WB),,2004,326.82614
Sub-Saharan Africa (WB),,2005,312.89105
Sub-Saharan Africa (WB),,2006,302.81168
Sub-Saharan Africa (WB),,2007,293.43948
Sub-Saharan Africa (WB),,2008,284.54587
Sub-Saharan Africa (WB),,2009,281.20496
Sub-Saharan Africa (WB),,2010,274.23843
Sub-Saharan Africa (WB),,2011,263.59833
Sub-Saharan Africa (WB),,2012,256.04938
Sub-Saharan Africa (WB),,2013,248.58018
Sub-Saharan Africa (WB),,2014,239.40605
Sub-Saharan Africa (WB),,2015,232.96205
Sub-Saharan Africa (WB),,2016,226.75961
Sub-Saharan Africa (WB),,2017,228.55695
Sub-Saharan Africa (WB),,2018,219.78162
Sub-Saharan Africa (WB),,2019,216.70154
Sub-Saharan Africa (WB),,2020,224.64417
Sub-Saharan Africa (WB),,2021,220.78009
Sudan,SDN,2000,92.77145
Sudan,SDN,2001,86.3527
Sudan,SDN,2002,66.654045
Sudan,SDN,2003,61.08878
Sudan,SDN,2004,55.37405
Sudan,SDN,2005,54.65162
Sudan,SDN,2006,52.67852
Sudan,SDN,2007,46.51382
Sudan,SDN,2008,38.63531
Sudan,SDN,2009,34.629757
Sudan,SDN,2010,32.729385
Sudan,SDN,2011,32.562878
Sudan,SDN,2012,33.06529
Sudan,SDN,2013,34.939293
Sudan,SDN,2014,38.572758
Sudan,SDN,2015,42.21243
Sudan,SDN,2016,53.25982
Sudan,SDN,2017,53.776505
Sudan,SDN,2018,59.18903
Sudan,SDN,2019,65.59086
Sudan,SDN,2020,73.39838
Sudan,SDN,2021,72.844475
Suriname,SUR,2000,160.58405
Suriname,SUR,2001,222.30093
Suriname,SUR,2002,175.34729
Suriname,SUR,2003,147.59166
Suriname,SUR,2004,111.09785
Suriname,SUR,2005,119.758675
Suriname,SUR,2006,42.65778
Suriname,SUR,2007,14.158021
Suriname,SUR,2008,26.45127
Suriname,SUR,2009,31.333065
Suriname,SUR,2010,21.957449
Suriname,SUR,2011,9.748501
Suriname,SUR,2012,6.902659
Suriname,SUR,2013,6.302975
Suriname,SUR,2014,4.7657533
Suriname,SUR,2015,0.9529748
Suriname,SUR,2016,0.9082441
Suriname,SUR,2017,1.5786684
Suriname,SUR,2018,0.34211037
Suriname,SUR,2019,1.1729676
Suriname,SUR,2020,1.7398481
Suriname,SUR,2021,0.24299458
Syria,SYR,2000,0.0003679254
Syria,SYR,2001,0.0037661523
Syria,SYR,2002,0.00087392115
Syria,SYR,2003,0.00011356309
Syria,SYR,2004,0.000055297474
Syria,SYR,2005,0
Syria,SYR,2006,0
Syria,SYR,2007,0
Syria,SYR,2008,0
Syria,SYR,2009,0
Syria,SYR,2010,0
Syria,SYR,2011,0
Syria,SYR,2012,0
Syria,SYR,2013,0
Syria,SYR,2014,0
Syria,SYR,2015,0
Syria,SYR,2016,0
Syria,SYR,2017,0
Syria,SYR,2018,0
Syria,SYR,2019,0
Syria,SYR,2020,0
Syria,SYR,2021,0
Tajikistan,TJK,2000,9.098975
Tajikistan,TJK,2001,5.3196807
Tajikistan,TJK,2002,2.8192916
Tajikistan,TJK,2003,2.4355967
Tajikistan,TJK,2004,1.579502
Tajikistan,TJK,2005,0.9976952
Tajikistan,TJK,2006,0.57017356
Tajikistan,TJK,2007,0.26448172
Tajikistan,TJK,2008,0.12998559
Tajikistan,TJK,2009,0.06574435
Tajikistan,TJK,2010,0.043996207
Tajikistan,TJK,2011,0.029998511
Tajikistan,TJK,2012,0.010536492
Tajikistan,TJK,2013,0.0014718723
Tajikistan,TJK,2014,0.0007191658
Tajikistan,TJK,2015,0
Tajikistan,TJK,2016,0
Tajikistan,TJK,2017,0
Tajikistan,TJK,2018,0
Tajikistan,TJK,2019,0
Tanzania,TZA,2000,350.30957
Tanzania,TZA,2001,340.6641
Tanzania,TZA,2002,315.74738
Tanzania,TZA,2003,296.99854
Tanzania,TZA,2004,275.64667
Tanzania,TZA,2005,252.26302
Tanzania,TZA,2006,227.62645
Tanzania,TZA,2007,198.91714
Tanzania,TZA,2008,173.03026
Tanzania,TZA,2009,154.62779
Tanzania,TZA,2010,140.77612
Tanzania,TZA,2011,129.09676
Tanzania,TZA,2012,122.252045
Tanzania,TZA,2013,130.76373
Tanzania,TZA,2014,143.01537
Tanzania,TZA,2015,140.51324
Tanzania,TZA,2016,131.4526
Tanzania,TZA,2017,124.466736
Tanzania,TZA,2018,117.96343
Tanzania,TZA,2019,117.59128
Tanzania,TZA,2020,123.24462
Tanzania,TZA,2021,125.77324
Thailand,THA,2000,6.564519
Thailand,THA,2001,5.2597227
Thailand,THA,2002,3.655982
Thailand,THA,2003,3.03895
Thailand,THA,2004,2.1535575
Thailand,THA,2005,2.3844178
Thailand,THA,2006,2.407191
Thailand,THA,2007,2.6163461
Thailand,THA,2008,2.2361097
Thailand,THA,2009,2.2894988
Thailand,THA,2010,2.5071387
Thailand,THA,2011,1.9094329
Thailand,THA,2012,3.5734327
Thailand,THA,2013,3.1508944
Thailand,THA,2014,3.1047497
Thailand,THA,2015,1.0694153
Thailand,THA,2016,0.57671106
Thailand,THA,2017,0.32652867
Thailand,THA,2018,0.3299941
Thailand,THA,2019,0.26930034
Thailand,THA,2020,0.22030164
Thailand,THA,2021,0.16331758
Togo,TGO,2000,443.66983
Togo,TGO,2001,444.93985
Togo,TGO,2002,451.1625
Togo,TGO,2003,464.58414
Togo,TGO,2004,477.56046
Togo,TGO,2005,471.60452
Togo,TGO,2006,452.94778
Togo,TGO,2007,424.405
Togo,TGO,2008,370.78772
Togo,TGO,2009,320.43045
Togo,TGO,2010,302.0336
Togo,TGO,2011,301.4999
Togo,TGO,2012,331.47192
Togo,TGO,2013,367.23724
Togo,TGO,2014,368.83078
Togo,TGO,2015,357.20422
Togo,TGO,2016,324.8183
Togo,TGO,2017,277.51303
Togo,TGO,2018,250.33868
Togo,TGO,2019,238.58008
Togo,TGO,2020,242.75269
Togo,TGO,2021,237.52292
Turkey,TUR,2000,2.7432103
Turkey,TUR,2001,2.5562212
Turkey,TUR,2002,2.3836262
Turkey,TUR,2003,2.1217678
Turkey,TUR,2004,1.2033511
Turkey,TUR,2005,0.46665707
Turkey,TUR,2006,0.17594714
Turkey,TUR,2007,0.06833351
Turkey,TUR,2008,0.03580791
Turkey,TUR,2009,0.008094292
Turkey,TUR,2010,0
Turkey,TUR,2011,0
Turkey,TUR,2012,0
Turkey,TUR,2013,0
Turkey,TUR,2014,0
Turkey,TUR,2015,0
Turkey,TUR,2016,0
Turkey,TUR,2017,0
Turkey,TUR,2019,0
Turkmenistan,TKM,2000,0.08080999
Turkmenistan,TKM,2001,0.026553284
Turkmenistan,TKM,2002,0.058932923
Turkmenistan,TKM,2003,0.022629261
Turkmenistan,TKM,2004,0.009575915
Turkmenistan,TKM,2005,0.0031488624
Turkmenistan,TKM,2006,0.003105484
Turkmenistan,TKM,2007,0
Turkmenistan,TKM,2008,0
Turkmenistan,TKM,2009,0
Turkmenistan,TKM,2010,0
Turkmenistan,TKM,2011,0
Turkmenistan,TKM,2012,0
Turkmenistan,TKM,2013,0
Turkmenistan,TKM,2014,0
Turkmenistan,TKM,2015,0
Turkmenistan,TKM,2016,0
Turkmenistan,TKM,2017,0
Turkmenistan,TKM,2018,0
Turkmenistan,TKM,2019,0
Uganda,UGA,2000,487.22552
Uganda,UGA,2001,507.9744
Uganda,UGA,2002,500.15256
Uganda,UGA,2003,484.1247
Uganda,UGA,2004,449.82468
Uganda,UGA,2005,433.6453
Uganda,UGA,2006,421.3104
Uganda,UGA,2007,415.41354
Uganda,UGA,2008,417.9607
Uganda,UGA,2009,423.05133
Uganda,UGA,2010,409.43665
Uganda,UGA,2011,394.67972
Uganda,UGA,2012,376.55597
Uganda,UGA,2013,332.34442
Uganda,UGA,2014,294.28238
Uganda,UGA,2015,253.51479
Uganda,UGA,2016,283.13715
Uganda,UGA,2017,294.90326
Uganda,UGA,2018,262.6916
Uganda,UGA,2019,262.69156
Uganda,UGA,2020,283.81754
Uganda,UGA,2021,284.02017
United Arab Emirates,ARE,2012,0
United Arab Emirates,ARE,2013,0
United Arab Emirates,ARE,2014,0
United Arab Emirates,ARE,2015,0
United Arab Emirates,ARE,2016,0
United Arab Emirates,ARE,2017,0
United Arab Emirates,ARE,2018,0
United Arab Emirates,ARE,2019,0
United Arab Emirates,ARE,2020,0
United Arab Emirates,ARE,2021,0
Upper-middle-income countries,,2000,3.8578093
Upper-middle-income countries,,2001,3.6494145
Upper-middle-income countries,,2002,3.4161923
Upper-middle-income countries,,2003,3.297184
Upper-middle-income countries,,2004,3.0789707
Upper-middle-income countries,,2005,3.1984143
Upper-middle-income countries,,2006,3.2871163
Upper-middle-income countries,,2007,2.949705
Upper-middle-income countries,,2008,2.6483705
Upper-middle-income countries,,2009,2.6966481
Upper-middle-income countries,,2010,3.5422893
Upper-middle-income countries,,2011,3.186616
Upper-middle-income countries,,2012,3.1858928
Upper-middle-income countries,,2013,2.8774672
Upper-middle-income countries,,2014,2.4572334
Upper-middle-income countries,,2015,2.3247244
Upper-middle-income countries,,2016,2.342481
Upper-middle-income countries,,2017,2.1047313
Upper-middle-income countries,,2018,1.9524606
Upper-middle-income countries,,2019,1.9633235
Upper-middle-income countries,,2020,1.9956369
Uzbekistan,UZB,2000,5.0551653
Uzbekistan,UZB,2001,3.0497465
Uzbekistan,UZB,2002,2.8929982
Uzbekistan,UZB,2003,2.8565915
Uzbekistan,UZB,2004,2.515819
Uzbekistan,UZB,2005,3.8384826
Uzbekistan,UZB,2006,2.7111342
Uzbekistan,UZB,2007,1.098539
Uzbekistan,UZB,2008,0.2524706
Uzbekistan,UZB,2009,0
Uzbekistan,UZB,2010,0.10484378
Uzbekistan,UZB,2011,0
Uzbekistan,UZB,2012,0
Uzbekistan,UZB,2013,0
Uzbekistan,UZB,2014,0
Uzbekistan,UZB,2015,0
Uzbekistan,UZB,2016,0
Uzbekistan,UZB,2017,0
Uzbekistan,UZB,2018,0
Uzbekistan,UZB,2019,0
Uzbekistan,UZB,2020,0
Vanuatu,VUT,2000,120.614975
Vanuatu,VUT,2001,94.917625
Vanuatu,VUT,2002,181.34818
Vanuatu,VUT,2003,205.9607
Vanuatu,VUT,2004,143.86458
Vanuatu,VUT,2005,117.740036
Vanuatu,VUT,2006,102.918945
Vanuatu,VUT,2007,119.60849
Vanuatu,VUT,2008,114.42946
Vanuatu,VUT,2009,62.10965
Vanuatu,VUT,2010,85.44202
Vanuatu,VUT,2011,46.28443
Vanuatu,VUT,2012,32.62175
Vanuatu,VUT,2013,20.209915
Vanuatu,VUT,2014,8.99132
Vanuatu,VUT,2015,2.9192803
Vanuatu,VUT,2016,14.734233
Vanuatu,VUT,2017,7.8073587
Vanuatu,VUT,2018,3.9253542
Vanuatu,VUT,2019,3.439508
Vanuatu,VUT,2020,2.9196143
Vanuatu,VUT,2021,1.8048675
Venezuela,VEN,2000,2.907925
Venezuela,VEN,2001,1.9159007
Venezuela,VEN,2002,2.7657099
Venezuela,VEN,2003,2.9097788
Venezuela,VEN,2004,4.1929426
Venezuela,VEN,2005,3.9731095
Venezuela,VEN,2006,3.2202694
Venezuela,VEN,2007,3.5483255
Venezuela,VEN,2008,2.6836276
Venezuela,VEN,2009,2.9601214
Venezuela,VEN,2010,4.0330806
Venezuela,VEN,2011,3.681929
Venezuela,VEN,2012,4.197428
Venezuela,VEN,2013,6.1772866
Venezuela,VEN,2014,7.026668
Venezuela,VEN,2015,10.459383
Venezuela,VEN,2016,18.339855
Venezuela,VEN,2017,31.581335
Venezuela,VEN,2018,31.865992
Venezuela,VEN,2019,32.267437
Venezuela,VEN,2020,15.678866
Venezuela,VEN,2021,14.516593
Vietnam,VNM,2000,3.459356
Vietnam,VNM,2001,3.1473958
Vietnam,VNM,2002,2.21177
Vietnam,VNM,2003,1.6086123
Vietnam,VNM,2004,0.93235576
Vietnam,VNM,2005,0.66265404
Vietnam,VNM,2006,0.705009
Vietnam,VNM,2007,0.4485755
Vietnam,VNM,2008,0.28392202
Vietnam,VNM,2009,0.35855177
Vietnam,VNM,2010,0.35639027
Vietnam,VNM,2011,0.31032526
Vietnam,VNM,2012,0.36220205
Vietnam,VNM,2013,0.3120569
Vietnam,VNM,2014,0.28346407
Vietnam,VNM,2015,0.16606312
Vietnam,VNM,2016,0.073200695
Vietnam,VNM,2017,0.07914712
Vietnam,VNM,2018,0.05399508
Vietnam,VNM,2019,0.054628097
Vietnam,VNM,2020,0.02326299
Vietnam,VNM,2021,0.0063063055
World,OWID_WRL,2000,82.8202
World,OWID_WRL,2001,82.89692
World,OWID_WRL,2002,80.07837
World,OWID_WRL,2003,79.815605
World,OWID_WRL,2004,78.88011
World,OWID_WRL,2005,76.99752
World,OWID_WRL,2006,74.10512
World,OWID_WRL,2007,72.15475
World,OWID_WRL,2008,70.924904
World,OWID_WRL,2009,71.23995
World,OWID_WRL,2010,70.10337
World,OWID_WRL,2011,67.31304
World,OWID_WRL,2012,65.16118
World,OWID_WRL,2013,62.80137
World,OWID_WRL,2014,61.078354
World,OWID_WRL,2015,60.129093
World,OWID_WRL,2016,59.62457
World,OWID_WRL,2017,59.89832
World,OWID_WRL,2018,57.76879
World,OWID_WRL,2019,57.160667
World,OWID_WRL,2020,59.976852
Yemen,YEM,2000,88.38001
Yemen,YEM,2001,95.84945
Yemen,YEM,2002,103.14111
Yemen,YEM,2003,91.30814
Yemen,YEM,2004,71.53152
Yemen,YEM,2005,72.95249
Yemen,YEM,2006,84.86341
Yemen,YEM,2007,58.395466
Yemen,YEM,2008,35.896328
Yemen,YEM,2009,45.313316
Yemen,YEM,2010,70.9533
Yemen,YEM,2011,48.267193
Yemen,YEM,2012,50.92417
Yemen,YEM,2013,40.261364
Yemen,YEM,2014,32.822243
Yemen,YEM,2015,27.947283
Yemen,YEM,2016,35.03594
Yemen,YEM,2017,38.586132
Yemen,YEM,2018,43.877872
Yemen,YEM,2019,40.88411
Yemen,YEM,2020,38.445587
Yemen,YEM,2021,46.0859
Zambia,ZMB,2000,397.11148
Zambia,ZMB,2001,404.154
Zambia,ZMB,2002,371.4539
Zambia,ZMB,2003,348.52365
Zambia,ZMB,2004,301.79346
Zambia,ZMB,2005,258.44836
Zambia,ZMB,2006,222.49312
Zambia,ZMB,2007,193.43678
Zambia,ZMB,2008,172.55988
Zambia,ZMB,2009,165.21904
Zambia,ZMB,2010,168.47548
Zambia,ZMB,2011,180.51195
Zambia,ZMB,2012,200.34859
Zambia,ZMB,2013,227.61346
Zambia,ZMB,2014,232.31857
Zambia,ZMB,2015,219.32274
Zambia,ZMB,2016,205.96873
Zambia,ZMB,2017,185.24722
Zambia,ZMB,2018,178.83968
Zambia,ZMB,2019,174.3987
Zambia,ZMB,2020,186.89862
Zambia,ZMB,2021,187.72124
Zimbabwe,ZWE,2000,105.924355
Zimbabwe,ZWE,2001,105.924446
Zimbabwe,ZWE,2002,105.92441
Zimbabwe,ZWE,2003,105.924355
Zimbabwe,ZWE,2004,105.92435
Zimbabwe,ZWE,2005,105.924416
Zimbabwe,ZWE,2006,105.924385
Zimbabwe,ZWE,2007,172.3827
Zimbabwe,ZWE,2008,69.70759
Zimbabwe,ZWE,2009,76.51478
Zimbabwe,ZWE,2010,108.57908
Zimbabwe,ZWE,2011,70.39488
Zimbabwe,ZWE,2012,56.728752
Zimbabwe,ZWE,2013,80.916214
Zimbabwe,ZWE,2014,100.185104
Zimbabwe,ZWE,2015,95.74045
Zimbabwe,ZWE,2016,66.836205
Zimbabwe,ZWE,2017,115.18194
Zimbabwe,ZWE,2018,53.551422
Zimbabwe,ZWE,2019,64.73938
Zimbabwe,ZWE,2020,93.43767
Zimbabwe,ZWE,2021,27.199484